{
  "language": "rust",
  "round": 1,
  "startedAt": "1777547108.730696000Z",
  "finishedAt": "1777547148.827280000Z",
  "endpoint": "/api/portfolio/trades",
  "totalRequests": 1000,
  "warmupRequests": 100,
  "concurrency": 10,
  "durationMs": 40096.346666000005,
  "throughputRps": 24.939928027107705,
  "successCount": 0,
  "errorCount": 1000,
  "statusCounts": {
    "400": 1000
  },
  "metricsMs": {
    "min": 246.69987500000002,
    "p50": 283.76504200000005,
    "p90": 620.0640830000001,
    "p95": 984.954334,
    "p99": 1634.049458,
    "max": 3082.833209,
    "avg": 397.58893116300015
  },
  "latenciesMs": [
    246.69987500000002, 246.793958, 247.286291, 247.304042, 247.33866700000002,
    247.353209, 247.51458300000002, 247.705166, 247.722917, 247.780458,
    247.878375, 247.88475, 248.186625, 248.190375, 248.21595900000003,
    248.422333, 248.444041, 248.611167, 248.765667, 248.92141700000002,
    249.024709, 249.074875, 249.266333, 249.270041, 249.325, 249.37758300000002,
    249.422209, 249.672542, 249.681666, 249.765125, 249.78345800000002,
    250.1415, 250.21325, 250.284542, 250.29433299999997, 250.41241600000004,
    250.47449999999998, 250.50424999999998, 250.52166599999998, 250.5945,
    250.633834, 250.77512499999997, 250.87354200000001, 250.87995800000002,
    250.898, 250.91854200000003, 250.943958, 251.156959, 251.18887499999997,
    251.22920799999997, 251.28175000000002, 251.45679199999998, 251.481084,
    251.48549999999997, 251.49858400000002, 251.554041, 251.56025, 251.681333,
    251.709958, 251.72187499999998, 251.760459, 251.76066699999998, 251.826958,
    251.84954100000002, 251.855583, 251.880459, 251.95862499999998, 251.975916,
    251.98399999999998, 252.0675, 252.10925, 252.13583299999996,
    252.28608400000002, 252.437458, 252.442083, 252.46225, 252.54149999999998,
    252.549875, 252.57395799999998, 252.581417, 252.645208, 252.68858300000002,
    252.697958, 252.75345900000002, 252.83541599999998, 252.83562500000002,
    252.898959, 253.10720799999999, 253.18708299999997, 253.24012499999998,
    253.325708, 253.33387499999998, 253.38566699999998, 253.402917,
    253.43233399999997, 253.556958, 253.62224999999998, 253.633583,
    253.66012500000002, 253.687917, 253.690417, 253.821916, 253.88679199999999,
    253.92074999999997, 253.92816699999997, 254.11425, 254.15837499999998,
    254.27499999999998, 254.29800000000003, 254.42116599999997, 254.448042,
    254.4755, 254.537792, 254.64654199999998, 254.67062499999997, 254.765375,
    254.766875, 254.78125000000003, 254.82379100000003, 254.95675, 255.023208,
    255.06075, 255.11008400000003, 255.12462499999998, 255.153917, 255.157,
    255.19862500000002, 255.288334, 255.30866600000002, 255.315167,
    255.31775000000002, 255.33425, 255.348, 255.35412499999998, 255.378541,
    255.408333, 255.470292, 255.476375, 255.60462499999997, 255.627583,
    255.71366600000002, 255.91258300000004, 255.95120799999998, 256.074625,
    256.100041, 256.122041, 256.19066699999996, 256.21775, 256.300916,
    256.339791, 256.433917, 256.566958, 256.614458, 256.684041,
    256.70095799999996, 256.72125, 256.726958, 256.728291, 256.76695900000004,
    256.82525, 256.86366599999997, 256.86625000000004, 257.0075, 257.094542,
    257.130917, 257.150291, 257.159208, 257.188375, 257.196667, 257.201959,
    257.229375, 257.34375, 257.36370800000003, 257.4085, 257.425458,
    257.54662499999995, 257.68591699999996, 257.701458, 257.76925, 257.80775,
    257.824333, 257.829125, 257.952792, 257.974875, 258.147291, 258.148958,
    258.284334, 258.350167, 258.412792, 258.449042, 258.64175, 258.817042,
    258.82995800000003, 258.836416, 258.879042, 258.905084, 258.982083,
    259.012458, 259.057958, 259.1195, 259.163833, 259.39645900000005,
    259.520833, 259.633167, 259.776333, 259.790667, 259.923625, 260.159958,
    260.507667, 260.932542, 260.97970799999996, 260.9885, 261.019,
    261.02579199999997, 261.35975, 261.370459, 261.372833, 261.53525,
    261.68033299999996, 261.827333, 261.839292, 261.851042, 261.92808299999996,
    261.969416, 261.991125, 261.997542, 262.008334, 262.015209,
    262.07574999999997, 262.113, 262.154875, 262.298958, 262.39012499999995,
    262.444916, 262.50016700000003, 262.54375000000005, 262.666625,
    262.66920799999997, 262.7395, 262.948083, 262.996958, 263.076291,
    263.12458300000003, 263.157209, 263.300584, 263.385334, 263.42604200000005,
    263.4635, 263.581334, 263.619917, 263.679334, 263.697917, 263.836792,
    263.85008300000004, 263.98625, 264.008584, 264.041083, 264.243208,
    264.444292, 264.5765, 264.590334, 264.67541700000004, 264.784041,
    264.954667, 264.96162499999997, 265.037708, 265.042167, 265.046083,
    265.087292, 265.166, 265.195666, 265.22774999999996, 265.267791,
    265.33187499999997, 265.359417, 265.39583300000004, 265.444333, 265.453208,
    265.474125, 265.51000000000005, 265.570917, 265.573041, 265.627375,
    265.65175, 265.66195799999997, 265.69175, 265.83508300000005, 265.977917,
    266.076084, 266.083209, 266.226917, 266.449125, 266.546334, 266.558792,
    266.562042, 266.612375, 266.647792, 266.666416, 266.675792, 266.677,
    266.712083, 266.720125, 266.72887499999996, 266.763917, 266.948375,
    266.995459, 267.246917, 267.310292, 267.355834, 267.438375, 267.458417,
    267.499375, 267.507916, 267.520042, 267.53225000000003, 267.588541,
    267.59116700000004, 267.610666, 267.663834, 267.747417, 267.77162500000003,
    267.77625, 267.810667, 267.843083, 267.915542, 268.022708, 268.052209,
    268.1515, 268.251417, 268.266208, 268.27991699999995, 268.31545800000004,
    268.410458, 268.422291, 268.484208, 268.52137500000003, 268.68199999999996,
    268.683041, 268.85525, 268.858416, 268.93754199999995, 268.974584,
    269.05575, 269.17575, 269.190291, 269.224333, 269.430792, 269.531166,
    269.53120800000005, 269.564875, 269.656917, 269.785209, 269.786875,
    269.827292, 269.94725000000005, 270.046792, 270.137958, 270.159333,
    270.201417, 270.219291, 270.224583, 270.25370799999996, 270.313333,
    270.37091699999996, 270.408375, 270.55825, 270.592791, 270.612917,
    270.668083, 270.69579100000004, 270.698917, 270.790584, 270.81100000000004,
    270.843792, 270.897042, 270.904125, 271.082334, 271.252375, 271.308459,
    271.32491699999997, 271.342166, 271.399875, 271.924917, 271.970583,
    272.00929099999996, 272.039583, 272.048625, 272.09075, 272.283209, 272.295,
    272.327, 272.348792, 272.35525, 272.412375, 272.452417, 272.534084,
    272.693375, 272.708959, 272.94637500000005, 273.027833, 273.045792, 273.139,
    273.21250000000003, 273.223583, 273.276792, 273.39829199999997, 273.399125,
    273.551459, 273.65325, 273.741375, 273.744917, 273.803209, 274.04,
    274.058167, 274.206, 274.309, 274.312, 274.340625, 274.362916,
    274.49795900000004, 274.52, 274.5765, 274.796208, 274.904833,
    275.17204200000003, 275.285834, 275.28887499999996, 275.31429099999997,
    275.424208, 275.597666, 275.710417, 275.737917, 275.80820900000003,
    275.85608299999996, 275.87433300000004, 275.878417, 275.90416600000003,
    276.08575, 276.34875, 276.357708, 276.392375, 276.529917,
    276.60870900000003, 276.818541, 276.940625, 277.052833, 277.13987499999996,
    277.242042, 277.448375, 277.581334, 277.650291, 277.6735, 277.714917,
    277.75795800000003, 277.793583, 277.86075, 278.05291700000004, 278.321875,
    278.604292, 278.613292, 278.70516699999996, 278.779542, 278.80983399999997,
    278.90145900000005, 278.966042, 279.11570800000004, 279.21416700000003,
    279.346875, 279.474667, 279.73091700000003, 279.997375, 280.065875,
    280.249542, 280.369709, 280.51237499999996, 280.566334, 280.56775,
    280.627042, 281.010458, 281.050667, 281.190125, 281.368416, 281.584667,
    281.653125, 282.033958, 282.051834, 282.406666, 282.463667, 282.475458,
    282.60895800000003, 282.749625, 282.955208, 283.021584, 283.0495,
    283.175417, 283.273792, 283.366958, 283.424584, 283.75, 283.76504200000005,
