{
  "language": "rust",
  "round": 5,
  "startedAt": "1777545748.143208000Z",
  "finishedAt": "1777545774.933654000Z",
  "endpoint": "/api/portfolio/trades",
  "totalRequests": 1000,
  "warmupRequests": 100,
  "concurrency": 10,
  "durationMs": 26790.271,
  "throughputRps": 37.326983366461654,
  "successCount": 0,
  "errorCount": 1000,
  "statusCounts": {
    "400": 1000
  },
  "metricsMs": {
    "min": 243.732542,
    "p50": 253.910334,
    "p90": 281.430208,
    "p95": 343.702375,
    "p99": 422.623709,
    "max": 605.9339580000001,
    "avg": 265.8133076200001
  },
  "latenciesMs": [
    243.732542, 244.295792, 244.508916, 244.517208, 244.619583, 244.710916,
    244.758667, 244.829541, 244.857792, 244.902708, 245.22016699999998,
    245.28312499999998, 245.308041, 245.398292, 245.468667, 245.475041,
    245.49825, 245.499708, 245.556166, 245.57025, 245.584667, 245.586, 245.5915,
    245.776375, 245.798, 245.818416, 245.92675, 245.950708, 246.01775,
    246.03787499999999, 246.048083, 246.110333, 246.120709, 246.14070800000002,
    246.168416, 246.23566699999998, 246.33550000000002, 246.342959, 246.354958,
    246.360125, 246.427167, 246.470875, 246.47299999999998, 246.560917,
    246.577416, 246.578375, 246.580083, 246.58933299999998, 246.620375,
    246.630875, 246.704458, 246.706166, 246.722916, 246.734, 246.746666,
    246.761333, 246.801458, 246.84070799999998, 246.862083, 246.87545799999998,
    246.91725, 247.13774999999998, 247.35162499999998, 247.3665, 247.380583,
    247.507541, 247.569959, 247.59062500000002, 247.624333, 247.636625,
    247.64462500000002, 247.686042, 247.712542, 247.713375, 247.731125,
    247.74829200000002, 247.784542, 247.786583, 247.80891699999998, 247.812375,
    247.81962499999997, 247.8215, 247.83687500000002, 247.866375,
    247.87924999999998, 247.89374999999998, 247.909458, 247.917125, 247.928917,
    247.97250000000003, 247.993625, 248.0085, 248.011583, 248.024584,
    248.029542, 248.033916, 248.075416, 248.087125, 248.14333299999998,
    248.145542, 248.207833, 248.215292, 248.23862499999998, 248.249125,
    248.258792, 248.25900000000001, 248.289459, 248.34104200000002, 248.367958,
    248.37758300000002, 248.440458, 248.44454199999998, 248.447041, 248.457125,
    248.46312500000002, 248.503625, 248.525958, 248.541458, 248.557667,
    248.563541, 248.5695, 248.60150000000002, 248.64875, 248.690542, 248.713333,
    248.714333, 248.719875, 248.75829199999998, 248.789208, 248.789542,
    248.798292, 248.813292, 248.828875, 248.833625, 248.8425,
    248.85912499999998, 248.872709, 248.905084, 248.91016599999998, 248.951166,
    248.95425, 248.988958, 249.0075, 249.0465, 249.047917, 249.061, 249.070125,
    249.07712500000002, 249.111041, 249.112166, 249.116417, 249.119542,
    249.126083, 249.128542, 249.154833, 249.200958, 249.216375, 249.221375,
    249.223708, 249.22566700000002, 249.24575, 249.268, 249.29162499999998,
    249.299125, 249.331875, 249.353083, 249.367291, 249.405542, 249.410708,
    249.419375, 249.43695799999998, 249.43895899999998, 249.46974999999998,
    249.50687499999998, 249.52129200000002, 249.538, 249.570375,
    249.57816699999998, 249.588541, 249.59062500000002, 249.595334,
    249.59562499999998, 249.602709, 249.603125, 249.648125, 249.663042,
    249.673375, 249.67904199999998, 249.707167, 249.72633299999998, 249.7305,
    249.731208, 249.738166, 249.755042, 249.764875, 249.79299999999998,
    249.81449999999998, 249.82325, 249.824208, 249.883292, 249.887041,
    249.913333, 249.94375, 249.947125, 249.960584, 249.96183299999998,
    249.96454200000002, 249.967917, 249.993917, 250.03008300000002,
    250.03266699999998, 250.038333, 250.046875, 250.049833, 250.05125,
    250.05245799999997, 250.053916, 250.06545899999998, 250.080083, 250.096125,
    250.12325, 250.14587500000002, 250.147208, 250.14799999999997, 250.149875,
    250.170125, 250.17066599999998, 250.175583, 250.179667, 250.184917,
    250.20225000000002, 250.20754200000002, 250.30066699999998,
    250.31091700000002, 250.36491700000002, 250.369875, 250.37175,
    250.37220799999997, 250.374541, 250.37949999999998, 250.384833,
    250.38700000000003, 250.40462499999998, 250.41820799999996,
    250.41924999999998, 250.420959, 250.42112500000002, 250.422917,
    250.43033300000002, 250.439375, 250.465125, 250.49812500000002, 250.504167,
    250.550084, 250.553042, 250.560625, 250.56175000000002, 250.58066699999998,
    250.60454199999998, 250.62416599999997, 250.652708, 250.670125,
    250.67020899999997, 250.671541, 250.703333, 250.712208, 250.725166,
    250.74162500000003, 250.749208, 250.75300000000001, 250.75679200000002,
    250.75862500000002, 250.765458, 250.76766700000002, 250.77749999999997,
    250.777792, 250.785875, 250.79800000000003, 250.79987500000001,
    250.81966599999998, 250.8245, 250.825375, 250.87020900000002,
    250.87825000000004, 250.8815, 250.890667, 250.89608400000003, 250.926333,
    250.933125, 250.93483300000003, 250.93883299999996, 250.942917,
    250.96991699999998, 250.97908400000003, 250.98483399999998, 251.026709,
    251.04375000000002, 251.063209, 251.06383300000002, 251.07562500000003,
    251.08008399999997, 251.082166, 251.106459, 251.107166, 251.122917,
    251.128458, 251.13324999999998, 251.138291, 251.168375, 251.170042,
    251.17962500000002, 251.181334, 251.18591600000002, 251.205375, 251.214459,
    251.21695799999998, 251.22995799999998, 251.261334, 251.26966699999997,
    251.269958, 251.341875, 251.35641600000002, 251.36475000000002,
    251.37862500000003, 251.390541, 251.410917, 251.42229100000003,
    251.44499999999996, 251.451875, 251.45291699999999, 251.475666, 251.496208,
    251.52045899999996, 251.523708, 251.52891599999998, 251.55216600000003,
    251.58104199999997, 251.59570799999997, 251.60283300000003, 251.619125,
    251.620791, 251.6235, 251.63154100000003, 251.63245899999998, 251.669625,
    251.708958, 251.70949999999996, 251.71416699999997, 251.72012500000002,
    251.74304199999997, 251.74870900000002, 251.750417, 251.783416,
    251.78812499999998, 251.799334, 251.814792, 251.836291, 251.843583,
    251.868541, 251.86891700000004, 251.879833, 251.88191700000002,
    251.88337500000003, 251.88666700000002, 251.89325000000002,
    251.89441699999998, 251.906792, 251.91520899999998, 251.91920899999997,
    251.93491600000002, 251.94554200000002, 251.977666, 251.98416699999999,
    251.98662500000003, 252.027167, 252.034584, 252.037, 252.0445,
    252.04941600000004, 252.070917, 252.10225000000003, 252.105125,
    252.14258299999997, 252.15775000000002, 252.15829200000002, 252.171125,
    252.17737499999998, 252.18083400000003, 252.211416, 252.21491699999999,
    252.23275, 252.24529099999998, 252.24775, 252.25829199999998, 252.269167,
    252.289, 252.290458, 252.292167, 252.29620800000004, 252.31474999999998,
    252.31679200000002, 252.338, 252.361833, 252.38633399999998,
    252.40645900000004, 252.41583400000002, 252.43470899999997,
    252.43716700000002, 252.483083, 252.52825, 252.531625, 252.53695799999997,
    252.53825000000003, 252.542791, 252.54279200000002, 252.558, 252.558334,
    252.563292, 252.605292, 252.61245799999998, 252.617792, 252.624833,
    252.62908299999998, 252.638833, 252.6755, 252.68029199999998,
    252.69174999999998, 252.69441700000002, 252.69641599999997, 252.701833,
    252.746333, 252.759375, 252.763, 252.77145899999996, 252.777792,
    252.78308300000003, 252.78675, 252.814292, 252.81512499999997, 252.839042,
    252.83979200000002, 252.84137499999997, 252.841708, 252.85437500000003,
    252.85479100000003, 252.859, 252.872125, 252.874875, 252.882542,
    252.90220800000003, 252.93520800000002, 252.9725, 252.99683299999998,
    253.01183300000002, 253.05925000000002, 253.0695, 253.09695799999997,
    253.14566700000003, 253.198875, 253.210708, 253.21149999999997,
    253.22116700000004, 253.243333, 253.26500000000001, 253.27779099999998,
