{
  "language": "rust",
  "round": 3,
  "startedAt": "1777549805.853422000Z",
  "finishedAt": "1777549833.130361000Z",
  "endpoint": "/api/portfolio/trades",
  "totalRequests": 1000,
  "warmupRequests": 100,
  "concurrency": 10,
  "durationMs": 27277.014000000003,
  "throughputRps": 36.66090430572789,
  "successCount": 1000,
  "errorCount": 0,
  "statusCounts": {
    "200": 1000
  },
  "metricsMs": {
    "min": 245.893417,
    "p50": 264.12,
    "p90": 289.6915,
    "p95": 316.20975,
    "p99": 410.31262499999997,
    "max": 496.52175,
    "avg": 271.3971583859997
  },
  "latenciesMs": [
    245.893417, 246.36641600000002, 246.637583, 246.751125, 246.86470799999998,
    246.994125, 247.03025, 247.26387499999998, 247.43141699999998, 247.499125,
    247.52687500000002, 247.567792, 247.65920799999998, 247.826209, 247.8405,
    247.93116600000002, 248.058458, 248.125875, 248.18020900000002, 248.410459,
    248.51904199999998, 248.701, 248.714708, 248.73516600000002, 248.781666,
    248.817375, 248.847958, 248.857375, 248.876666, 248.91825, 248.920667,
    248.964584, 249.210958, 249.237708, 249.259166, 249.27654199999998,
    249.3865, 249.59341600000002, 249.602833, 249.745542, 249.749875, 249.806,
    249.816167, 249.834208, 249.857292, 249.947458, 249.978875, 249.992917,
    250.002334, 250.061125, 250.137, 250.243333, 250.29270799999998,
    250.40020800000002, 250.46466699999996, 250.553667, 250.784417,
    250.80233299999998, 250.84866700000003, 250.93016699999998,
    250.96487499999998, 251.0755, 251.145375, 251.160958, 251.182625,
    251.19950000000003, 251.256791, 251.29516600000002, 251.30495800000003,
    251.360708, 251.413708, 251.47354199999998, 251.47466699999998,
    251.48733299999998, 251.53554099999997, 251.539208, 251.58712500000001,
    251.60204200000004, 251.681208, 251.68670799999998, 251.68883399999999,
    251.741334, 251.74287499999997, 251.794458, 251.901417, 251.91229199999998,
    251.928375, 252.05062499999997, 252.09791599999997, 252.108667,
    252.11758299999997, 252.14466600000003, 252.172, 252.19533300000003,
    252.20054200000004, 252.20116599999997, 252.372541, 252.384375,
    252.43300000000002, 252.45362500000002, 252.47950000000003, 252.527917,
    252.550041, 252.57983299999998, 252.59875, 252.609167, 252.611875,
    252.63695800000002, 252.69604099999998, 252.716084, 252.78504099999998,
    252.800042, 252.826791, 252.85316699999998, 252.90912500000002,
    252.92808399999998, 252.96837500000004, 252.97575, 252.99283299999996,
    253.10616600000003, 253.11808299999998, 253.12783300000004, 253.190458,
    253.23104200000003, 253.234458, 253.336917, 253.361667, 253.43695900000003,
    253.49624999999997, 253.496667, 253.57825, 253.59562499999998, 253.596541,
    253.627167, 253.631583, 253.64825000000002, 253.66808400000002,
    253.67183300000002, 253.78320799999997, 253.78400000000002,
    253.80816699999997, 253.82012500000002, 253.843167, 253.87866599999998,
    253.906083, 253.95412499999998, 253.989333, 254.008625, 254.050458,
    254.122083, 254.133917, 254.21187499999996, 254.242584, 254.31900000000002,
    254.360666, 254.44699999999997, 254.495041, 254.54954200000003,
    254.55704200000002, 254.61308300000002, 254.62516699999998,
    254.65300000000002, 254.691583, 254.73095899999998, 254.85762499999998,
    254.90295899999998, 254.919667, 254.968917, 255.00295899999998, 255.004167,
    255.004583, 255.045834, 255.05704200000002, 255.099708, 255.116458,
    255.159125, 255.159792, 255.22516699999997, 255.238583, 255.254084,
    255.25775000000002, 255.26533299999997, 255.32025000000002,
    255.41912500000004, 255.503916, 255.51325000000003, 255.542708,
    255.56504200000003, 255.576959, 255.62195799999998, 255.633458, 255.691167,
    255.69825000000003, 255.72483400000002, 255.79362500000002,
    255.86970799999997, 255.87587499999998, 255.937, 255.953375, 255.959667,
    255.96762499999997, 255.99354200000002, 256.005208, 256.04175000000004,
    256.04474999999996, 256.05508399999997, 256.067541, 256.088459, 256.090333,
    256.106292, 256.109584, 256.1685, 256.21074999999996, 256.247458, 256.274,
    256.276791, 256.300125, 256.34125, 256.354417, 256.37512499999997,
    256.397375, 256.405792, 256.474541, 256.578875, 256.61275, 256.614583,
    256.65525, 256.659334, 256.68225, 256.699709, 256.71104099999997,
    256.74929099999997, 256.77495799999997, 256.840709, 256.89770899999996,
    256.91175, 256.943625, 256.945125, 256.97275, 256.974417,
    256.99704099999997, 257.00070800000003, 257.0065, 257.00825, 257.082417,
    257.115875, 257.134833, 257.15675, 257.19187500000004, 257.198958,
    257.214959, 257.216958, 257.223625, 257.291375, 257.31075, 257.320042,
    257.342584, 257.348291, 257.378, 257.387625, 257.421875, 257.45475,
    257.45691700000003, 257.54470899999995, 257.561292, 257.569875, 257.57025,
    257.594875, 257.65187499999996, 257.65354099999996, 257.699291, 257.730333,
    257.7385, 257.74841599999996, 257.78429200000005, 257.829417, 257.857,
    257.913834, 257.95625, 258.013666, 258.05424999999997, 258.077, 258.092542,
    258.109959, 258.123417, 258.13466600000004, 258.148375, 258.177708,
    258.226625, 258.23308299999997, 258.236041, 258.261666, 258.295458,
    258.32349999999997, 258.47833399999996, 258.605459, 258.68033299999996,
    258.703167, 258.71612500000003, 258.736333, 258.755666, 258.763958,
    258.767583, 258.881, 258.906459, 258.91791600000005, 258.941166, 258.94825,
    258.963083, 258.982166, 258.987333, 259.025542, 259.039875, 259.087792,
    259.12154100000004, 259.121542, 259.16033300000004, 259.16850000000005,
    259.178375, 259.204583, 259.271125, 259.325083, 259.355083,
    259.39370899999994, 259.40625, 259.416167, 259.434958, 259.436333,
    259.455958, 259.48625, 259.54375000000005, 259.577291, 259.625875,
    259.683916, 259.695583, 259.703459, 259.72412499999996, 259.749417,
    259.771458, 259.782333, 259.806083, 259.8255, 259.835375, 259.899,
    259.901833, 259.915459, 259.935584, 259.947916, 260.079833,
    260.09975000000003, 260.099833, 260.10299999999995, 260.11008400000003,
    260.111083, 260.12029199999995, 260.16833299999996, 260.181167, 260.214042,
    260.243875, 260.249416, 260.261917, 260.26608400000003, 260.299958,
    260.340083, 260.38425, 260.39091599999995, 260.39304200000004, 260.394083,
    260.465125, 260.495875, 260.50875, 260.51525, 260.54041700000005,
    260.606583, 260.635416, 260.695041, 260.700416, 260.721875, 260.732208,
    260.758125, 260.759042, 260.792958, 260.820458, 260.84070799999995,
    260.843541, 260.89825, 260.913833, 260.91566700000004, 260.921583,
    260.930667, 260.950917, 260.974292, 260.97912499999995, 260.99825,
    261.00687500000004, 261.02316599999995, 261.038708, 261.044, 261.093125,
    261.09804199999996, 261.109, 261.247292, 261.252958, 261.260417, 261.272167,
    261.289958, 261.296375, 261.307959, 261.37983399999996, 261.386208,
    261.3865, 261.389584, 261.433583, 261.47112500000003, 261.53495799999996,
    261.53525, 261.55754199999996, 261.58799999999997, 261.648459, 261.657791,
    261.708959, 261.7165, 261.729667, 261.741833, 261.746875, 261.761542,
    261.784375, 261.844833, 261.919583, 261.950041, 261.956125,
    262.01379099999997, 262.050542, 262.06683400000003, 262.119333, 262.136417,
    262.20979100000005, 262.237417, 262.254375, 262.270708, 262.30125, 262.3165,
    262.348416, 262.396167, 262.417375, 262.43175, 262.44, 262.455708,
    262.539417, 262.58125, 262.593334, 262.608792, 262.611875, 262.622583,
    262.71333400000003, 262.739042, 262.80429100000003, 262.82775000000004,
    262.868291, 262.875625, 262.901375, 262.905792, 262.959, 262.99025,
    263.0215, 263.02324999999996, 263.05591699999997, 263.075875, 263.113875,
    263.15804199999997, 263.19775, 263.208667, 263.21691699999997,
    263.22833299999996, 263.251709, 263.274125, 263.334375, 263.35425000000004,
    263.374458, 263.384791, 263.40470799999997, 263.452625, 263.454083, 263.504,
