{
  "language": "rust",
  "round": 3,
  "startedAt": "1777545539.599464000Z",
  "finishedAt": "1777545566.142075000Z",
  "endpoint": "/api/portfolio/trades",
  "totalRequests": 1000,
  "warmupRequests": 100,
  "concurrency": 10,
  "durationMs": 26542.477375000002,
  "throughputRps": 37.675458318065154,
  "successCount": 0,
  "errorCount": 1000,
  "statusCounts": {
    "400": 1000
  },
  "metricsMs": {
    "min": 242.323125,
    "p50": 256.672209,
    "p90": 281.306917,
    "p95": 313.218792,
    "p99": 398.057167,
    "max": 466.965458,
    "avg": 264.39997204299993
  },
  "latenciesMs": [
    242.323125, 242.954167, 243.02358299999997, 243.106667, 243.130333,
    243.150084, 243.410667, 243.50329100000002, 243.50579199999999,
    243.80137499999998, 244.042334, 244.2345, 244.306916, 244.57758299999998,
    244.76904199999998, 244.8415, 245.025375, 245.137, 245.231709, 245.609416,
    245.72191600000002, 245.74599999999998, 245.796167, 245.887875,
    245.96158300000002, 245.96737499999998, 246.02212500000002, 246.271625,
    246.320292, 246.44295799999998, 246.522208, 246.5895, 246.638667,
    246.667667, 246.71033400000002, 246.761, 246.879416, 246.931667, 246.985417,
    247.140166, 247.161791, 247.17166600000002, 247.236583, 247.30829200000002,
    247.320375, 247.32483399999998, 247.344166, 247.363416, 247.37816600000002,
    247.405125, 247.4355, 247.503709, 247.633625, 247.74179099999998,
    247.74458299999998, 247.750292, 247.784292, 247.78675, 247.822167,
    247.83325, 247.878334, 247.926709, 247.935083, 247.956375, 248.032583,
    248.046625, 248.069875, 248.10537499999998, 248.106958, 248.133917,
    248.153875, 248.179958, 248.294041, 248.30029100000002, 248.318458,
    248.35341599999998, 248.384041, 248.40275, 248.44074999999998, 248.442834,
    248.48583299999999, 248.510708, 248.539917, 248.543625, 248.572209,
    248.593375, 248.639041, 248.658333, 248.696042, 248.71475, 248.751875,
    248.76958399999998, 248.79325, 248.796458, 248.946542, 248.988, 249.077292,
    249.092958, 249.097542, 249.12879199999998, 249.142167, 249.14766699999998,
    249.153333, 249.17675, 249.196791, 249.229458, 249.25125,
    249.26179100000002, 249.301167, 249.304917, 249.323625, 249.326083,
    249.361791, 249.470833, 249.50508299999998, 249.518042, 249.518875,
    249.546666, 249.553125, 249.560917, 249.57175, 249.605291,
    249.63358399999998, 249.639375, 249.65224999999998, 249.652333, 249.655291,
    249.661125, 249.71025, 249.725208, 249.7565, 249.757959, 249.75858300000002,
    249.768542, 249.779084, 249.80070800000001, 249.849292, 249.87025,
    249.887167, 249.902083, 249.90870800000002, 249.91708300000002, 249.921709,
    249.95362500000002, 249.964708, 250.01654200000002, 250.04558300000002,
    250.047208, 250.05504200000001, 250.075208, 250.07962500000002,
    250.08233299999998, 250.100166, 250.11275, 250.16729199999997,
    250.16937500000003, 250.17379099999997, 250.178542, 250.183333,
    250.18908299999998, 250.192333, 250.201916, 250.237791, 250.26441599999998,
    250.27575000000002, 250.305125, 250.31733299999996, 250.31929200000002,
    250.32179100000002, 250.33845799999997, 250.38320800000002, 250.401125,
    250.41516600000003, 250.423792, 250.46758400000002, 250.48020799999998,
    250.48512499999998, 250.49358300000003, 250.499667, 250.52970800000003,
    250.53308299999998, 250.53449999999998, 250.55175000000003,
    250.55937499999996, 250.56520799999998, 250.57570800000002, 250.595167,
    250.622625, 250.63283400000003, 250.63541700000002, 250.69333300000002,
    250.729875, 250.74129200000002, 250.74533300000002, 250.746875, 250.749916,
    250.76383400000003, 250.764708, 250.80025, 250.80566599999997,
    250.80866699999999, 250.808917, 250.811542, 250.82549999999998, 250.828791,
    250.84008400000002, 250.848083, 250.857583, 250.862792, 250.90166600000003,
    250.917, 250.926416, 250.936667, 250.945792, 250.952208, 250.95254099999997,
    250.95479199999997, 250.963292, 250.98879200000002, 250.991542, 250.992208,
    251.032792, 251.043709, 251.050167, 251.063166, 251.064959, 251.06875,
    251.11175000000003, 251.117959, 251.118583, 251.119625, 251.127125,
    251.13258399999998, 251.143416, 251.14679099999998, 251.16095900000002,
    251.20975, 251.23212499999997, 251.233708, 251.23783300000002, 251.249208,
    251.25725, 251.301833, 251.31262500000003, 251.317209, 251.32329199999998,
    251.33958299999998, 251.360083, 251.36458299999998, 251.3665, 251.407084,
    251.42391600000002, 251.43779100000003, 251.44125, 251.44283299999998,
    251.479375, 251.48879200000002, 251.517875, 251.52391699999998, 251.608875,
    251.661125, 251.69275000000002, 251.71916700000003, 251.72337500000003,
    251.727584, 251.734625, 251.75720800000002, 251.77470899999997,
    251.78629200000003, 251.80054099999998, 251.8045, 251.821583, 251.844417,
    251.854042, 251.85941699999998, 251.886875, 251.896917, 251.91291700000002,
    251.918041, 251.92874999999998, 251.95708300000004, 251.96320900000003,
    251.977375, 252.03016700000003, 252.043709, 252.08350000000002,
    252.10062500000004, 252.125875, 252.14187500000003, 252.14533300000002,
    252.15358300000003, 252.155083, 252.17275, 252.19962499999997, 252.204208,
    252.20462500000002, 252.21125, 252.213125, 252.241041, 252.2465,
    252.27424999999997, 252.28025, 252.287084, 252.295875, 252.29920900000002,
    252.340625, 252.356083, 252.359541, 252.36754200000001, 252.37675,
    252.38983399999998, 252.403167, 252.40449999999998, 252.4125, 252.426916,
    252.441417, 252.442, 252.47183299999998, 252.48579199999998,
    252.49025000000003, 252.49079200000003, 252.501417, 252.50775, 252.509416,
    252.52762499999997, 252.52904199999998, 252.53741699999998,
    252.54495799999998, 252.546292, 252.554875, 252.55529199999998, 252.611125,
    252.611333, 252.63895800000003, 252.6505, 252.66808400000002, 252.676584,
    252.716375, 252.718959, 252.721333, 252.725125, 252.736083, 252.758708,
    252.799458, 252.80999999999997, 252.830458, 252.86012499999998, 252.8705,
    252.87541600000003, 252.88929199999998, 252.907125, 252.947541,
    252.98004200000003, 252.981167, 253.01983300000003, 253.035083,
    253.03987500000002, 253.067584, 253.08199999999997, 253.083542,
    253.09350000000003, 253.119834, 253.12249999999997, 253.12666700000003,
    253.14658400000002, 253.16166699999997, 253.16929199999998,
    253.19183299999997, 253.23862499999998, 253.255916, 253.277875,
    253.32995800000003, 253.335125, 253.33737499999998, 253.36645800000002,
    253.380041, 253.391333, 253.395792, 253.497708, 253.50175000000002,
    253.50841699999998, 253.509583, 253.53599999999997, 253.54208299999996,
    253.55479199999996, 253.582209, 253.58454200000003, 253.587041,
    253.58895799999996, 253.629542, 253.67612499999998, 253.68208399999997,
    253.69087499999998, 253.699042, 253.71758300000002, 253.731625, 253.732792,
    253.73958299999998, 253.749334, 253.77095799999998, 253.790833, 253.815833,
    253.84612499999997, 253.85554199999999, 253.86854199999996, 253.919917,
    253.952833, 253.972041, 253.9765, 253.976791, 253.978125,
    254.00887500000002, 254.031083, 254.076667, 254.10549999999998, 254.126792,
    254.130042, 254.144125, 254.153541, 254.153959, 254.155625,
    254.17158299999997, 254.177875, 254.189416, 254.19987500000002, 254.218416,
    254.224208, 254.2445, 254.24629199999998, 254.25924999999998,
    254.29895800000003, 254.353917, 254.36712500000002, 254.385042, 254.386459,
    254.41183299999997, 254.421791, 254.425791, 254.472541, 254.56183399999998,
    254.59733400000002, 254.62487499999997, 254.62645900000004,
    254.64583299999998, 254.64975, 254.66858399999998, 254.68800000000002,
    254.702875, 254.764916, 254.76829099999998, 254.7775, 254.779667,
    254.80399999999997, 254.851667, 254.856833, 254.86637499999998,
    254.90004100000002, 254.911208, 254.92437499999997, 254.93320800000004,
