{
  "language": "rust",
  "round": 4,
  "startedAt": "1777549904.877973000Z",
  "finishedAt": "1777549932.745057000Z",
  "endpoint": "/api/portfolio/trades",
  "totalRequests": 1000,
  "warmupRequests": 100,
  "concurrency": 10,
  "durationMs": 27867.160542,
  "throughputRps": 35.88453148977448,
  "successCount": 1000,
  "errorCount": 0,
  "statusCounts": {
    "200": 1000
  },
  "metricsMs": {
    "min": 245.46741699999998,
    "p50": 266.527041,
    "p90": 307.382584,
    "p95": 339.897333,
    "p99": 467.867167,
    "max": 645.1252499999999,
    "avg": 277.322442641
  },
  "latenciesMs": [
    245.46741699999998, 245.47762500000002, 245.82750000000001, 246.059958,
    246.196458, 246.390041, 246.46699999999998, 246.47345900000002, 246.595083,
    246.663458, 246.819125, 246.952625, 247.31858400000002, 247.333,
    247.34308299999998, 247.497042, 247.60674999999998, 247.678208,
    247.73600000000002, 247.827417, 247.98600000000002, 248.103291, 248.108083,
    248.25033399999998, 248.333, 248.385333, 248.50387500000002,
    248.59579200000002, 248.60637499999999, 248.655292, 248.666958, 248.67575,
    248.72387500000002, 248.759792, 248.84783299999998, 248.96525, 249.009125,
    249.036917, 249.057375, 249.081875, 249.097375, 249.17741700000002,
    249.222833, 249.281417, 249.28170899999998, 249.321792, 249.35425,
    249.37437500000001, 249.379917, 249.383792, 249.420959, 249.47170799999998,
    249.55129100000002, 249.55308300000002, 249.70425, 249.704334, 249.727166,
    249.757833, 249.79191600000001, 249.877458, 249.910167, 249.9315,
    250.012792, 250.021916, 250.03674999999998, 250.127041, 250.22024999999996,
    250.221666, 250.32170799999997, 250.34479100000001, 250.399042,
    250.59245800000002, 250.628458, 250.859042, 250.86695799999998, 250.922541,
    251.02745799999997, 251.032417, 251.133125, 251.13837500000002,
    251.18066700000003, 251.211083, 251.34008400000002, 251.340625, 251.348666,
    251.416792, 251.420708, 251.42620799999997, 251.435833, 251.516209,
    251.55658400000002, 251.61974999999998, 251.71158300000002,
    251.76074999999997, 251.825917, 251.96504199999998, 251.992916, 252.004917,
    252.05650000000003, 252.06337499999998, 252.08750000000003, 252.103833,
    252.13150000000002, 252.162667, 252.16883299999998, 252.206875, 252.328667,
    252.349041, 252.361709, 252.36395900000002, 252.36724999999998, 252.393208,
    252.417708, 252.44737499999997, 252.58037500000003, 252.585958, 252.6135,
    252.623041, 252.633167, 252.64733299999997, 252.76129200000003, 252.761458,
    252.780625, 252.791625, 252.806708, 252.83570799999998, 252.860416,
    252.869417, 252.951209, 252.95362500000002, 252.965708, 252.980084,
    252.98195800000002, 253.020875, 253.03320899999997, 253.052208,
    253.12770899999998, 253.160834, 253.204084, 253.262834, 253.27666599999998,
    253.311, 253.4035, 253.41591699999998, 253.42583299999998,
    253.46600000000004, 253.511292, 253.522417, 253.52433299999998,
    253.52512500000003, 253.53237499999997, 253.54066699999998,
    253.56508399999998, 253.58724999999998, 253.59466600000002, 253.696458,
    253.70383400000003, 253.759083, 253.773125, 253.80004099999996, 253.830458,
    253.922667, 253.967791, 253.985708, 254.024666, 254.05208299999998,
    254.07025, 254.09416699999997, 254.101042, 254.12962500000003,
    254.16575000000003, 254.231084, 254.289292, 254.30399999999997,
    254.34770899999998, 254.42674999999997, 254.44879199999997,
    254.46116600000002, 254.48874999999998, 254.507708, 254.513541, 254.589583,
    254.603333, 254.609875, 254.65770799999999, 254.70175, 254.70425000000003,
    254.70516700000002, 254.711542, 254.7495, 254.76733299999998,
    254.77158300000002, 254.79275, 254.803709, 254.837584, 254.85266699999997,
    254.86712500000002, 254.89404199999998, 254.91916700000002, 254.943083,
    254.990584, 255.05804199999997, 255.06833299999997, 255.08870900000002,
    255.164583, 255.20320800000002, 255.24433299999998, 255.24491700000002,
    255.24612499999998, 255.26020799999998, 255.310708, 255.354708,
    255.36295799999996, 255.43720800000003, 255.457792, 255.510042, 255.56425,
    255.66441600000002, 255.77208299999998, 255.97520899999998, 255.994708,
    256.038625, 256.04404200000005, 256.162875, 256.179875, 256.207875,
    256.30875, 256.35979199999997, 256.369666, 256.401875, 256.405375,
    256.410458, 256.61154200000004, 256.659042, 256.685833, 256.690417,
    256.690541, 256.756958, 256.758083, 256.781917, 256.88575000000003,
    256.936416, 256.96687499999996, 257.001667, 257.017375, 257.060958,
    257.11625, 257.138666, 257.206125, 257.21500000000003, 257.24237500000004,
    257.25620799999996, 257.377208, 257.39641600000004, 257.4075, 257.458375,
    257.48891699999996, 257.48925, 257.512542, 257.524875, 257.530708,
    257.560792, 257.584042, 257.716541, 257.738625, 257.784958, 257.809917,
    257.914959, 257.928125, 257.934042, 258.031375, 258.07741699999997,
    258.078625, 258.105666, 258.22225, 258.243292, 258.299958, 258.316458,
    258.32725, 258.334, 258.356917, 258.366125, 258.387833, 258.400208,
    258.439333, 258.513958, 258.529791, 258.54054199999996, 258.541083,
    258.567792, 258.575291, 258.58925, 258.65804199999997, 258.675125,
    258.763791, 258.774958, 258.78275, 258.8745, 258.906583, 258.90829199999996,
    258.916292, 258.925, 258.935458, 259.00383300000004, 259.03170800000004,
    259.043459, 259.063917, 259.076959, 259.092584, 259.114917,
    259.21108300000003, 259.228291, 259.233208, 259.23612499999996, 259.267333,
    259.30145799999997, 259.315791, 259.335709, 259.337, 259.476084, 259.489083,
    259.50741700000003, 259.513166, 259.527667, 259.550541, 259.582084,
    259.61062499999997, 259.693041, 259.72754100000003, 259.75325, 259.759083,
    259.857667, 259.862667, 259.863209, 259.86474999999996, 259.88483299999996,
    259.904958, 259.95166600000005, 260.058375, 260.09020799999996, 260.132416,
    260.151208, 260.197917, 260.235625, 260.329125, 260.33529100000004,
    260.424417, 260.45912500000003, 260.4845, 260.512333, 260.533334,
    260.545416, 260.5505, 260.60791700000004, 260.703125, 260.71025, 260.817,
    260.83470800000003, 260.902709, 260.904625, 260.921042, 260.92562499999997,
    260.95908299999996, 261.0135, 261.03191599999997, 261.06591699999996,
    261.10775, 261.24575, 261.271375, 261.30704199999997, 261.33645900000005,
    261.359833, 261.420292, 261.451334, 261.465, 261.48062500000003, 261.554833,
    261.816125, 261.821833, 261.824292, 261.82695900000004, 261.834542,
    261.895708, 261.928042, 261.994291, 262.02175, 262.025583,
    262.06683400000003, 262.107292, 262.125291, 262.14220900000004, 262.148917,
    262.20495900000003, 262.215667, 262.263166, 262.287417, 262.46025000000003,
    262.505625, 262.507958, 262.527584, 262.534708, 262.59425, 262.633875,
    262.695291, 262.717458, 262.72974999999997, 262.783042, 262.79666699999996,
    262.804625, 262.83975, 262.872666, 262.92391599999996, 262.936875,
    263.049209, 263.072875, 263.130417, 263.16079199999996, 263.187583,
    263.2365, 263.254792, 263.35025, 263.375375, 263.467667, 263.4785,
    263.50016700000003, 263.535417, 263.576584, 263.582916, 263.601333,
    263.714917, 263.746875, 263.840458, 263.879584, 263.936375, 263.946625,
    264.002708, 264.00466700000004, 264.015625, 264.057916, 264.140375,
    264.234708, 264.258083, 264.3955, 264.40275, 264.427125, 264.43758299999996,
    264.460083, 264.562667, 264.607375, 264.663166, 264.715083, 264.721,
    264.782917, 264.79425000000003, 264.816375, 264.836708, 264.839916,
    264.85091700000004, 264.880125, 264.928583, 264.94825, 264.962,
    264.96554100000003, 264.997833, 264.998167, 265.124708, 265.151791,
    265.22895800000003, 265.23979199999997, 265.240083, 265.25566699999996,
    265.271667, 265.294834, 265.30320800000004, 265.31520800000004,
    265.35720899999995, 265.358666, 265.391208, 265.408125, 265.409458,
