{
  "language": "rust",
  "round": 1,
  "startedAt": "1777546346.740474000Z",
  "finishedAt": "1777546373.191989000Z",
  "endpoint": "/api/portfolio/trades",
  "totalRequests": 1000,
  "warmupRequests": 100,
  "concurrency": 10,
  "durationMs": 26451.375334,
  "throughputRps": 37.805217587859126,
  "successCount": 0,
  "errorCount": 1000,
  "statusCounts": {
    "400": 1000
  },
  "metricsMs": {
    "min": 243.7425,
    "p50": 255.045584,
    "p90": 276.749209,
    "p95": 314.53083300000003,
    "p99": 389.886791,
    "max": 432.537542,
    "avg": 263.53727052199974
  },
  "latenciesMs": [
    243.7425, 243.99633300000002, 244.6065, 244.637208, 244.678334, 245.3845,
    245.418708, 245.449667, 245.460875, 245.462542, 245.465708, 245.541625,
    245.557, 245.61129100000002, 245.706208, 245.76558300000002,
    245.79220800000002, 245.852666, 245.90495900000002, 245.93575, 246.103459,
    246.180042, 246.327792, 246.33474999999999, 246.445167, 246.515333,
    246.518292, 246.556916, 246.67741600000002, 246.690959, 246.691334,
    246.70345799999998, 246.718083, 246.721417, 246.726208, 246.73279100000002,
    246.78591699999998, 246.863875, 246.871333, 246.9035, 246.906958,
    246.909041, 246.952, 246.974125, 247.091584, 247.134125, 247.16954099999998,
    247.206542, 247.25487500000003, 247.304791, 247.30625, 247.34900000000002,
    247.366375, 247.389667, 247.395416, 247.47429200000002, 247.4775,
    247.514666, 247.53491599999998, 247.55325, 247.5715, 247.57775, 247.600041,
    247.605625, 247.721625, 247.725625, 247.8565, 247.875125, 247.888958,
    247.902833, 247.98066699999998, 247.98179100000002, 247.992,
    248.01899999999998, 248.052083, 248.10716699999998, 248.118708, 248.119583,
    248.120416, 248.15300000000002, 248.15912500000002, 248.20420800000002,
    248.211917, 248.212875, 248.226916, 248.294291, 248.309292, 248.319834,
    248.326458, 248.377458, 248.379875, 248.400709, 248.43625, 248.46175,
    248.46416599999998, 248.52991699999998, 248.54162499999998, 248.563167,
    248.573834, 248.6005, 248.604458, 248.658458, 248.68733300000002,
    248.69945900000002, 248.73345899999998, 248.734625, 248.745041, 248.745292,
    248.74725, 248.79620799999998, 248.818291, 248.82958299999999, 248.895916,
    248.919209, 248.926208, 248.936125, 248.9375, 248.946625, 248.949583,
    248.95066599999998, 248.970584, 248.986083, 248.989708, 249.024542,
    249.026917, 249.036125, 249.040875, 249.049041, 249.073541, 249.084958,
    249.092833, 249.098, 249.115, 249.116667, 249.13525, 249.138, 249.147625,
    249.149, 249.171625, 249.194875, 249.199583, 249.205792, 249.21937499999999,
    249.226584, 249.27195799999998, 249.3295, 249.34920799999998, 249.370958,
    249.375583, 249.37937499999998, 249.383083, 249.39841700000002, 249.441416,
    249.449, 249.454125, 249.46075000000002, 249.466833, 249.478167,
    249.49691700000002, 249.50675, 249.514875, 249.519875, 249.534625, 249.5385,
    249.542625, 249.546625, 249.573458, 249.606542, 249.631208, 249.645375,
    249.695333, 249.69675, 249.697791, 249.705333, 249.73541699999998,
    249.73899999999998, 249.741583, 249.749542, 249.777583, 249.780833,
    249.833167, 249.846084, 249.866209, 249.87395800000002, 249.876417,
    249.89095799999998, 249.924417, 249.946459, 249.963833, 249.96450000000002,
    249.967583, 249.972792, 250.023375, 250.045584, 250.046542,
    250.05300000000003, 250.062, 250.07079199999998, 250.08891599999998,
    250.09387500000003, 250.10129199999997, 250.13225, 250.13933300000002,
    250.145917, 250.151625, 250.160167, 250.16674999999998, 250.172375,
    250.22275, 250.22937499999998, 250.233791, 250.23624999999998,
    250.24087499999996, 250.264417, 250.275625, 250.27712499999998, 250.30575,
    250.32787499999998, 250.338833, 250.35591699999998, 250.36308400000001,
    250.375458, 250.37883300000001, 250.384833, 250.39270800000003,
    250.43824999999998, 250.441167, 250.44316700000002, 250.446083,
    250.45774999999998, 250.46429199999997, 250.48004200000003,
    250.48291700000001, 250.48291700000001, 250.484459, 250.50345800000002,
    250.508958, 250.53770800000004, 250.569292, 250.57095800000002,
    250.57529099999996, 250.577875, 250.58841599999997, 250.63695800000002,
    250.64808399999998, 250.65150000000003, 250.66341599999998,
    250.69295800000003, 250.70083300000002, 250.70558300000002,
    250.73858399999997, 250.75804200000002, 250.75900000000001,
    250.79820800000002, 250.798666, 250.81079099999997, 250.8125,
    250.81329200000002, 250.84316699999997, 250.864208, 250.9205,
    250.93241700000002, 250.96858300000002, 250.985625, 251.00195800000003,
    251.01358299999998, 251.030125, 251.07487499999996, 251.07841600000003,
    251.090166, 251.092709, 251.097042, 251.14079099999998, 251.14945799999998,
    251.15279099999998, 251.157375, 251.159625, 251.16829099999998, 251.170667,
    251.17470800000004, 251.18325000000002, 251.18454200000002,
    251.24308299999998, 251.25454200000001, 251.27020900000002, 251.30925,
    251.32829099999998, 251.33591700000002, 251.349292, 251.35466699999998,
    251.361208, 251.38520800000003, 251.398291, 251.41112500000003,
    251.42112500000002, 251.42712499999996, 251.43587499999998, 251.487417,
    251.489959, 251.50429200000002, 251.507084, 251.51220800000002, 251.522291,
    251.55087500000002, 251.55875, 251.56845900000002, 251.582166,
    251.58795800000001, 251.60195800000002, 251.60912499999998, 251.610834,
    251.628625, 251.64012499999998, 251.644584, 251.656875, 251.668583,
    251.69295800000003, 251.713375, 251.72433300000003, 251.725792,
    251.72833300000002, 251.7295, 251.760834, 251.767167, 251.780875,
    251.81616699999998, 251.839959, 251.872333, 251.87358300000002, 251.882375,
    251.888167, 251.890375, 251.909333, 251.90974999999997, 251.919292,
    251.92187500000003, 251.928791, 251.92891699999998, 251.934209, 251.944833,
    251.982292, 251.98674999999997, 251.996958, 252.00250000000003,
    252.01708299999999, 252.06104200000001, 252.070167, 252.074042,
    252.07479100000003, 252.13679199999999, 252.13995900000003, 252.155959,
    252.17420800000002, 252.18966700000001, 252.195208, 252.20524999999998,
    252.22795799999997, 252.25179199999997, 252.267167, 252.316417, 252.345375,
    252.348375, 252.362209, 252.404083, 252.423875, 252.43554200000003,
    252.502375, 252.50574999999998, 252.51466700000003, 252.517375, 252.542584,
    252.54304199999999, 252.55679199999997, 252.57429100000002, 252.607625,
    252.61299999999997, 252.623209, 252.63283399999997, 252.637083,
    252.67070800000002, 252.672417, 252.684916, 252.69895799999998,
    252.72883299999998, 252.733541, 252.741709, 252.74366700000002,
    252.78812499999998, 252.806875, 252.81062500000002, 252.81158399999998,
    252.812959, 252.84554199999997, 252.87112499999998, 252.876458, 252.914958,
    252.93279099999998, 252.984334, 253.01941700000003, 253.03979199999998,
    253.0445, 253.05024999999998, 253.080584, 253.097, 253.10325,
    253.10337500000003, 253.14016700000002, 253.151666, 253.15491699999998,
    253.16250000000002, 253.18583300000003, 253.203333, 253.20979100000002,
    253.273625, 253.279333, 253.280542, 253.28425, 253.285042, 253.289666,
    253.292709, 253.334958, 253.338542, 253.384833, 253.424125,
    253.43412500000002, 253.437, 253.445125, 253.46891599999998, 253.472959,
    253.473291, 253.47837499999997, 253.48199999999997, 253.49491600000002,
    253.50004199999998, 253.50595799999996, 253.52091700000003,
    253.52875000000003, 253.548958, 253.55562500000002, 253.57779200000002,
    253.59170800000004, 253.659791, 253.67591699999997, 253.68916600000003,
    253.70020799999998, 253.70408300000003, 253.70791599999998, 253.726833,
    253.732916, 253.734709, 253.73675, 253.7985, 253.84979099999998, 253.856125,
    253.85962499999997, 253.887208, 253.90583300000003, 253.91904100000002,
    253.94, 253.946208, 253.996375, 254.001458, 254.01620800000003, 254.045417,
