{
  "language": "rust",
  "round": 5,
  "startedAt": "1777550015.308780000Z",
  "finishedAt": "1777550042.549586000Z",
  "endpoint": "/api/portfolio/trades",
  "totalRequests": 1000,
  "warmupRequests": 100,
  "concurrency": 10,
  "durationMs": 27240.882708,
  "throughputRps": 36.70952996344438,
  "successCount": 1000,
  "errorCount": 0,
  "statusCounts": {
    "200": 1000
  },
  "metricsMs": {
    "min": 244.082583,
    "p50": 264.811125,
    "p90": 291.048792,
    "p95": 309.104875,
    "p99": 397.79575,
    "max": 479.513292,
    "avg": 271.226402546
  },
  "latenciesMs": [
    244.082583, 245.44299999999998, 245.553667, 246.227958, 246.29524999999998,
    246.319959, 246.450208, 246.502625, 246.631167, 246.744083, 246.846416,
    246.921625, 247.28579100000002, 247.29825, 247.4785, 247.611625,
    247.68675000000002, 247.722792, 247.76237500000002, 247.7715, 247.830208,
    247.8735, 248.031209, 248.077084, 248.387875, 248.42175, 248.444708,
    248.683875, 248.80195799999998, 248.915416, 249.035541, 249.285, 249.39625,
    249.57333400000002, 249.648334, 249.67275, 249.694458, 249.70933300000002,
    249.746417, 249.84912500000002, 249.95837500000002, 249.986833,
    250.05966600000002, 250.10912499999998, 250.125042, 250.18525000000002,
    250.223709, 250.26025, 250.31441700000002, 250.32333400000002, 250.335709,
    250.376292, 250.41799999999998, 250.50699999999998, 250.64175, 250.652792,
    250.722583, 250.797583, 250.801167, 250.907375, 250.92325, 251.033208,
    251.147042, 251.342, 251.38074999999998, 251.524833, 251.56887500000002,
    251.63095800000002, 251.748917, 251.829209, 252.01120799999998,
    252.05466700000002, 252.0785, 252.130709, 252.16858399999998, 252.184208,
    252.231958, 252.26825000000002, 252.31124999999997, 252.370208, 252.3755,
    252.385417, 252.42162499999998, 252.4415, 252.47304100000002,
    252.49104100000002, 252.50625, 252.55979200000002, 252.65316700000002,
    252.66366699999998, 252.708, 252.7165, 252.721166, 252.725083,
    252.74849999999998, 252.750833, 252.780791, 252.831917, 252.83412500000003,
    252.86187500000003, 252.86849999999998, 252.88129199999997, 252.920541,
    252.937792, 252.93949999999998, 252.962542, 252.96287499999997,
    252.97441700000002, 253.03966700000004, 253.06191700000002,
    253.07208399999996, 253.08691700000003, 253.102542, 253.110042,
    253.14249999999998, 253.162416, 253.19324999999998, 253.312875, 253.328667,
    253.363333, 253.37704100000002, 253.40425, 253.448166, 253.488625,
    253.51416700000001, 253.56779200000003, 253.57837500000002,
    253.64045800000002, 253.65879200000003, 253.681667, 253.69475000000003,
    253.72704099999999, 253.74012499999998, 253.743459, 253.75466600000001,
    253.767917, 253.77016600000002, 253.82337500000003, 253.868292, 253.894416,
    253.90583300000003, 253.915375, 253.97916700000002, 254.02316600000003,
    254.044791, 254.04824999999997, 254.05483299999997, 254.057,
    254.08587500000002, 254.157, 254.172958, 254.182542, 254.19575, 254.207417,
    254.22179099999997, 254.22541700000002, 254.23720799999998, 254.291958,
    254.30833400000003, 254.30858299999997, 254.33195899999998, 254.372417,
    254.433833, 254.44545899999997, 254.44666700000002, 254.52437500000002,
    254.587542, 254.641458, 254.65841700000001, 254.667458, 254.67429200000004,
    254.692625, 254.69333300000002, 254.82629200000002, 254.860166,
    254.86362499999998, 254.86524999999997, 254.902666, 254.94841699999998,
    254.971542, 254.97437499999998, 255.037083, 255.085292, 255.09670899999998,
    255.141167, 255.142791, 255.180917, 255.23200000000003, 255.26462500000002,
    255.29133399999998, 255.30195799999998, 255.308625, 255.32824999999997,
    255.338458, 255.362625, 255.42641700000001, 255.488208, 255.501584,
    255.52729200000002, 255.53300000000002, 255.55770900000002,
    255.56279199999997, 255.56691700000002, 255.59408300000004,
    255.61387499999998, 255.750458, 255.78679100000002, 255.804667,
    255.81533299999998, 255.902584, 255.951125, 255.95741700000002, 255.968875,
    255.989084, 255.99175000000002, 256.09620900000004, 256.10949999999997,
    256.116542, 256.168167, 256.254125, 256.297416, 256.33549999999997,
    256.36025, 256.39308300000005, 256.433625, 256.447542, 256.469458,
    256.518292, 256.535708, 256.541792, 256.555917, 256.58658299999996,
    256.626084, 256.62775, 256.631709, 256.647084, 256.712833, 256.723833,
    256.802667, 256.814916, 256.842583, 256.843375, 256.87125, 256.880708,
    256.956167, 256.971166, 256.989708, 256.994083, 257.005084, 257.017667,
    257.02575, 257.04204200000004, 257.139958, 257.1595, 257.162625,
    257.16591700000004, 257.176417, 257.189666, 257.226375, 257.243375,
    257.256167, 257.275459, 257.293792, 257.311667, 257.32675,
    257.35033400000003, 257.394417, 257.399459, 257.57070799999997, 257.623375,
    257.708416, 257.783667, 257.78412499999996, 257.795416, 257.835583, 257.848,
    257.85083399999996, 257.943667, 257.99062499999997, 258.01091599999995,
    258.02124999999995, 258.033083, 258.053709, 258.081208, 258.100125,
    258.220708, 258.234084, 258.243833, 258.274334, 258.306458,
    258.35312500000003, 258.381416, 258.420375, 258.455834, 258.48933400000004,
    258.520792, 258.53920899999997, 258.576542, 258.58804200000003, 258.669125,
    258.67458300000004, 258.70858400000003, 258.74295800000004, 258.761666,
    258.769625, 258.794125, 258.875083, 258.891417, 258.96416700000003,
    259.04116700000003, 259.042042, 259.067167, 259.07266699999997, 259.077125,
    259.082791, 259.084167, 259.114916, 259.162291, 259.175708, 259.208875,
    259.26624999999996, 259.270208, 259.271541, 259.303167, 259.32175,
    259.361792, 259.364125, 259.435208, 259.443959, 259.446542, 259.453417,
    259.457625, 259.481792, 259.484958, 259.504167, 259.526875,
    259.54795800000005, 259.548792, 259.561125, 259.57066699999996, 259.590041,
    259.620334, 259.67787500000003, 259.728125, 259.811583, 259.872375,
    259.88679199999996, 259.88683299999997, 259.914583, 259.98029099999997,
    260.031291, 260.06050000000005, 260.071083, 260.079583, 260.131125,
    260.176833, 260.18575, 260.204, 260.211708, 260.23049999999995, 260.235875,
    260.261084, 260.34333399999997, 260.40175, 260.411042, 260.412459,
    260.415167, 260.533167, 260.54866599999997, 260.557417, 260.562833,
    260.59425000000005, 260.628209, 260.689417, 260.724708, 260.725458,
    260.774208, 260.820042, 260.874042, 260.891917, 260.89725000000004,
    260.927417, 260.93820800000003, 261.009875, 261.12325, 261.13191600000005,
    261.15500000000003, 261.174417, 261.238375, 261.24525, 261.265958,
    261.27866700000004, 261.289125, 261.319666, 261.347875, 261.36816699999997,
    261.385666, 261.39516699999996, 261.40925, 261.422209, 261.44066599999996,
    261.47291700000005, 261.474625, 261.52641700000004, 261.526584, 261.612666,
    261.61762500000003, 261.61870799999997, 261.641291, 261.73479199999997,
    261.773792, 261.77583300000003, 261.813584, 261.872541, 261.942583,
    261.956458, 261.987167, 261.993916, 262.0, 262.013166, 262.041, 262.042417,
    262.120791, 262.132125, 262.149042, 262.208125, 262.241833, 262.241875,
    262.289959, 262.312333, 262.375708, 262.398333, 262.41579199999995,
    262.434083, 262.477167, 262.48795800000005, 262.493541, 262.55316600000003,
    262.563708, 262.715667, 262.785834, 262.788417, 262.83079100000003,
    262.891417, 262.91295799999995, 262.931375, 262.986917, 263.026416,
    263.033542, 263.194708, 263.19820799999997, 263.199792, 263.22083299999997,
    263.222083, 263.268375, 263.27158299999996, 263.347625, 263.360459,
    263.36312499999997, 263.404083, 263.458875, 263.49025, 263.513917, 263.519,
    263.526917, 263.535416, 263.538834, 263.581959, 263.593042,
    263.59420900000003, 263.76404199999996, 263.845958, 263.89095899999995,
    263.968292, 263.989209, 264.009583, 264.02775, 264.207292, 264.234209,
