{
  "language": "rust",
  "round": 4,
  "startedAt": "1777545642.871226000Z",
  "finishedAt": "1777545669.687045000Z",
  "endpoint": "/api/portfolio/trades",
  "totalRequests": 1000,
  "warmupRequests": 100,
  "concurrency": 10,
  "durationMs": 26815.683416,
  "throughputRps": 37.29160970789707,
  "successCount": 0,
  "errorCount": 1000,
  "statusCounts": {
    "400": 1000
  },
  "metricsMs": {
    "min": 241.88975,
    "p50": 254.22445900000002,
    "p90": 281.15387499999997,
    "p95": 328.95187500000003,
    "p99": 524.356625,
    "max": 849.2707499999999,
    "avg": 267.0745139279998
  },
  "latenciesMs": [
    241.88975, 242.037125, 242.17749999999998, 242.2795, 242.66175, 242.7115,
    242.745209, 243.07095900000002, 243.148334, 243.30595799999998, 243.534709,
    243.742833, 244.379083, 244.644541, 244.72387500000002, 245.149375,
    245.15129199999998, 245.203667, 245.290541, 245.343583, 245.511208,
    245.561208, 245.563583, 245.57204199999998, 245.720958, 245.784125,
    245.80037499999997, 245.94475, 245.948833, 245.958208, 245.994125,
    246.06449999999998, 246.093916, 246.111958, 246.165083, 246.27558299999998,
    246.293959, 246.370542, 246.3755, 246.400833, 246.417, 246.42741600000002,
    246.455917, 246.457125, 246.47191600000002, 246.476167, 246.491875,
    246.497583, 246.597917, 246.66950000000003, 246.697583, 246.70462500000002,
    246.75250000000003, 246.754125, 246.828042, 246.840916, 246.859291,
    246.901875, 246.907917, 246.93737499999997, 246.95658400000002,
    246.96216600000002, 246.968958, 246.997916, 247.021625, 247.022625,
    247.023084, 247.046583, 247.053541, 247.09062500000002, 247.10933400000002,
    247.114208, 247.163209, 247.175167, 247.185708, 247.199375, 247.206292,
    247.208292, 247.213042, 247.273709, 247.293125, 247.30325, 247.307709,
    247.32754100000002, 247.34675000000001, 247.361458, 247.36475,
    247.44287500000002, 247.46258400000002, 247.537125, 247.61095799999998,
    247.61645800000002, 247.64225000000002, 247.65675000000002,
    247.68558299999998, 247.71295800000001, 247.752667, 247.753084, 247.760125,
    247.762584, 247.76320900000002, 247.766833, 247.766833, 247.79379200000002,
    247.82054200000002, 247.82233300000001, 247.82874999999999, 247.848625,
    247.87362499999998, 247.88154200000002, 247.96970900000002, 247.981708,
    248.00975, 248.03441700000002, 248.042166, 248.053917, 248.071708,
    248.092542, 248.103167, 248.108709, 248.112583, 248.119417,
    248.12062500000002, 248.129, 248.1515, 248.15408299999999, 248.183,
    248.18504199999998, 248.201958, 248.201959, 248.210125, 248.24533300000002,
    248.259916, 248.267833, 248.321167, 248.377083, 248.382292, 248.38425,
    248.404667, 248.405167, 248.414208, 248.427583, 248.433167, 248.433167,
    248.463458, 248.47212499999998, 248.492917, 248.504292, 248.515917,
    248.59170799999998, 248.592542, 248.597958, 248.626917, 248.632708,
    248.649583, 248.650375, 248.719917, 248.72116699999998, 248.742042,
    248.756958, 248.788084, 248.788958, 248.843042, 248.844667,
    248.84504099999998, 248.847458, 248.878, 248.878958, 248.88195900000002,
    248.893083, 248.917791, 248.95025, 248.955459, 248.993917, 248.999584,
    249.021416, 249.025417, 249.055791, 249.066709, 249.0905, 249.133208,
    249.154417, 249.160625, 249.163125, 249.168333, 249.173166, 249.198875,
    249.199708, 249.205792, 249.210666, 249.223625, 249.25483400000002,
    249.255792, 249.255958, 249.26624999999999, 249.26679199999998, 249.27225,
    249.290417, 249.29162499999998, 249.294917, 249.32537499999998, 249.363875,
    249.365958, 249.377208, 249.37954200000001, 249.388375, 249.400125,
    249.407125, 249.422041, 249.442375, 249.4485, 249.45862499999998,
    249.520209, 249.520791, 249.55029100000002, 249.56525, 249.569458,
    249.584375, 249.590125, 249.592708, 249.597083, 249.60299999999998,
    249.611208, 249.622083, 249.62687499999998, 249.627583, 249.62841699999998,
    249.66025, 249.66245800000002, 249.715083, 249.71558299999998,
    249.71974999999998, 249.76100000000002, 249.763125, 249.76666699999998,
    249.76695800000002, 249.772917, 249.776083, 249.82891700000002, 249.83625,
    249.84400000000002, 249.85395799999998, 249.872291, 249.87258400000002,
    249.8765, 249.90129199999998, 249.93912500000002, 249.942, 249.973791,
    249.977083, 249.99374999999998, 250.01195900000002, 250.017667, 250.044708,
    250.04504100000003, 250.054875, 250.07537499999998, 250.10500000000002,
    250.115583, 250.122667, 250.12704200000002, 250.13600000000002,
    250.16470800000002, 250.16670800000003, 250.16895900000003, 250.172542,
    250.20625, 250.218958, 250.21925000000002, 250.24912500000002,
    250.25308299999998, 250.26983400000003, 250.281417, 250.28366699999998,
    250.288042, 250.28816700000002, 250.28887500000002, 250.33304099999998,
    250.368375, 250.40012499999997, 250.424417, 250.42779199999998,
    250.44991700000003, 250.45250000000001, 250.47124999999997, 250.499667,
    250.52608399999997, 250.526833, 250.52849999999998, 250.536166,
    250.55624999999998, 250.560459, 250.57120799999998, 250.574375,
    250.58037500000003, 250.603417, 250.609167, 250.60983399999998, 250.617083,
    250.62341700000002, 250.628458, 250.62920900000003, 250.63437500000003,
    250.638125, 250.639583, 250.64454200000003, 250.647084, 250.663166,
    250.672875, 250.677708, 250.68449999999999, 250.706958, 250.714, 250.719667,
    250.72116599999998, 250.735833, 250.7605, 250.775583, 250.775792,
    250.78516699999997, 250.78625, 250.805958, 250.80845899999997,
    250.82108400000004, 250.825666, 250.83020900000002, 250.84541700000003,
    250.8845, 250.900792, 250.903875, 250.913541, 250.918084, 250.931458,
    250.980625, 250.983583, 250.990375, 251.03720800000002, 251.03729200000004,
    251.038875, 251.057584, 251.068834, 251.076917, 251.080292, 251.11725,
    251.143041, 251.16233300000002, 251.177292, 251.20162499999998,
    251.23299999999998, 251.25129099999998, 251.26358399999998, 251.272459,
    251.292542, 251.296083, 251.315041, 251.352167, 251.353208, 251.358959,
    251.37258400000002, 251.389625, 251.40245900000002, 251.447417,
    251.45974999999999, 251.465958, 251.481167, 251.491958, 251.50554200000002,
    251.525458, 251.542042, 251.54370799999998, 251.546167, 251.57029199999997,
    251.59183299999998, 251.61108399999998, 251.638042, 251.642667,
    251.65695799999997, 251.66066700000002, 251.66754200000003, 251.68225,
    251.70225000000002, 251.72445799999997, 251.73475000000002, 251.738042,
    251.775833, 251.784375, 251.800625, 251.80104199999997, 251.82775, 251.8535,
    251.866417, 251.88641699999997, 251.91741699999997, 251.92920800000002,
    251.936375, 251.98108299999998, 251.99229200000002, 252.030541,
    252.08241599999997, 252.115666, 252.11837500000001, 252.166208, 252.213208,
    252.21900000000002, 252.22424999999998, 252.24200000000002, 252.252583,
    252.2645, 252.271625, 252.31150000000002, 252.347125, 252.370667,
    252.387792, 252.38958299999996, 252.39125, 252.414333, 252.430125,
    252.44783399999997, 252.47095800000002, 252.47291700000002, 252.475459,
    252.519292, 252.52441599999997, 252.545958, 252.55275, 252.56412499999996,
    252.583875, 252.652292, 252.76933400000001, 252.77450000000002, 252.79575,
    252.80066699999998, 252.803292, 252.80479099999997, 252.82475, 252.8295,
    252.86416699999998, 252.878541, 252.90104200000002, 252.90704200000002,
    252.92725, 252.961791, 252.99316700000003, 252.997083, 252.99737500000003,
    253.00541700000002, 253.022917, 253.031458, 253.07675, 253.131375,
    253.205958, 253.222791, 253.24591600000002, 253.255916, 253.26358399999998,
    253.26637499999998, 253.26841700000003, 253.281125, 253.293541, 253.299458,
    253.301084, 253.305667, 253.32454199999998, 253.36287499999997,
    253.36724999999998, 253.41658299999997, 253.432292, 253.44329199999999,
    253.44549999999998, 253.45275, 253.46287499999997, 253.46583299999998,
