{
  "language": "rust",
  "round": 3,
  "startedAt": "1777547319.356426000Z",
  "finishedAt": "1777547346.326457000Z",
  "endpoint": "/api/portfolio/trades",
  "totalRequests": 1000,
  "warmupRequests": 100,
  "concurrency": 10,
  "durationMs": 26969.869124999997,
  "throughputRps": 37.078415003246704,
  "successCount": 0,
  "errorCount": 1000,
  "statusCounts": {
    "400": 1000
  },
  "metricsMs": {
    "min": 244.52458399999998,
    "p50": 258.335333,
    "p90": 287.82345799999996,
    "p95": 325.319791,
    "p99": 422.1995,
    "max": 555.3586670000001,
    "avg": 268.41909397700033
  },
  "latenciesMs": [
    244.52458399999998, 244.802666, 245.290209, 245.308125, 245.67404100000002,
    245.76416600000002, 245.78770799999998, 245.946458, 246.00020899999998,
    246.178916, 246.207292, 246.230709, 246.234125, 246.326875, 246.614333,
    246.749417, 246.751208, 246.880667, 246.93599999999998, 246.99099999999999,
    247.0125, 247.020583, 247.05408300000002, 247.10987500000002, 247.122875,
    247.156958, 247.20320900000002, 247.212709, 247.299709, 247.32279200000002,
    247.363, 247.399125, 247.409291, 247.443416, 247.490834, 247.497834,
    247.54654100000002, 247.593875, 247.630875, 247.67904199999998, 247.683,
    247.692208, 247.763625, 247.837, 247.892875, 247.898208, 247.91020799999998,
    247.91387500000002, 247.92925, 247.963417, 248.09579200000002, 248.098542,
    248.124583, 248.15087499999998, 248.162375, 248.199375, 248.244833,
    248.313333, 248.421042, 248.453833, 248.49320899999998, 248.54825,
    248.550042, 248.568666, 248.57399999999998, 248.590375, 248.622541,
    248.64875, 248.738708, 248.761542, 248.878292, 248.87920799999998,
    248.882209, 248.945042, 249.115667, 249.118708, 249.210083,
    249.25066700000002, 249.28870799999999, 249.290208, 249.33558299999999,
    249.337959, 249.34924999999998, 249.350791, 249.3545, 249.36075, 249.380292,
    249.391875, 249.498125, 249.51758299999997, 249.528875, 249.52891699999998,
    249.54854200000003, 249.551208, 249.57079099999999, 249.59545799999998,
    249.609166, 249.633834, 249.697834, 249.702042, 249.71279099999998,
    249.721208, 249.726584, 249.776916, 249.804375, 249.8435, 249.843709,
    249.84575, 249.846125, 249.87825, 249.89641600000002, 249.910917, 249.9165,
    250.0195, 250.04095900000002, 250.05508300000002, 250.09425000000002,
    250.129792, 250.230833, 250.24012499999998, 250.29225, 250.30049999999997,
    250.300875, 250.32274999999998, 250.38025000000002, 250.405667,
    250.41049999999998, 250.41295800000003, 250.42666699999998,
    250.42674999999997, 250.43520800000002, 250.45225, 250.47429100000002,
    250.51354199999997, 250.54729199999997, 250.55295900000002,
    250.56358299999997, 250.584458, 250.600708, 250.6385, 250.65358300000003,
    250.71841700000002, 250.724583, 250.76325, 250.79887499999998,
    250.81300000000002, 250.828292, 250.838375, 250.85033299999998, 250.860625,
    250.885917, 250.940459, 250.956375, 250.98683300000002, 250.99187499999996,
    251.01583300000001, 251.099083, 251.151834, 251.16899999999998,
    251.17029200000002, 251.170958, 251.171166, 251.20083300000002, 251.226875,
    251.253541, 251.25670900000003, 251.26112499999996, 251.2705,
    251.27500000000003, 251.30029199999998, 251.3245, 251.35025, 251.360959,
    251.402625, 251.430791, 251.442917, 251.466625, 251.528292,
    251.54612500000002, 251.55525, 251.59004099999999, 251.59195899999997,
    251.599584, 251.620958, 251.636209, 251.64258299999997, 251.67470800000004,
    251.684917, 251.68904199999997, 251.6905, 251.735333, 251.738041,
    251.77212500000002, 251.77520799999996, 251.79174999999998,
    251.80345799999998, 251.80925, 251.842667, 251.84775, 251.85579200000004,
    251.86587500000002, 251.87262500000003, 251.887125, 251.89241699999997,
    251.973291, 252.01670799999997, 252.01774999999998, 252.01991600000002,
    252.08066699999998, 252.09512499999997, 252.10958300000001,
    252.14083300000001, 252.14216699999997, 252.14345799999998, 252.1815,
    252.226875, 252.259083, 252.262042, 252.269958, 252.273667, 252.277584,
    252.299458, 252.31070900000003, 252.3355, 252.3455, 252.353125, 252.363416,
    252.409208, 252.424875, 252.440375, 252.44620899999998, 252.4585,
    252.462042, 252.47775000000001, 252.509666, 252.51704200000003, 252.54775,
    252.560375, 252.57033299999998, 252.5735, 252.574542, 252.57950000000002,
    252.59387500000003, 252.610458, 252.639917, 252.640417, 252.668208,
    252.67675, 252.683667, 252.685584, 252.688542, 252.696417,
    252.70991700000002, 252.71020900000002, 252.732417, 252.77441699999997,
    252.775125, 252.785459, 252.803208, 252.808584, 252.815917,
    252.81766700000003, 252.83804199999997, 252.83929100000003, 252.855958,
    252.872417, 252.877666, 252.89591700000003, 252.913167, 252.93575,
    252.937792, 252.97829199999998, 252.99575000000002, 253.01545800000002,
    253.038959, 253.066417, 253.075333, 253.07649999999998, 253.113541,
    253.157458, 253.162125, 253.174042, 253.18516699999998, 253.20241700000003,
    253.22299999999998, 253.23483299999998, 253.28050000000002, 253.286958,
    253.29529200000002, 253.310458, 253.311583, 253.328292, 253.343875,
    253.344458, 253.35362500000002, 253.375916, 253.38116599999998,
    253.39974999999998, 253.416833, 253.43737500000003, 253.44937499999997,
    253.47333300000003, 253.47495799999996, 253.51087500000003, 253.54525,
    253.55558299999998, 253.560958, 253.57237500000002, 253.57487499999996,
    253.590125, 253.61412500000003, 253.616208, 253.62675000000002, 253.641542,
    253.66662499999998, 253.694292, 253.70762499999998, 253.71916700000003,
    253.764208, 253.76958399999998, 253.77595800000003, 253.80145799999997,
    253.810541, 253.82966699999997, 253.831458, 253.84779200000003, 253.848083,
    253.86491700000002, 253.90625, 253.907375, 253.916667, 253.958833,
    253.98795800000002, 254.00374999999997, 254.00408299999998,
    254.04779100000002, 254.06374999999997, 254.10625, 254.13633299999998,
    254.14124999999999, 254.146541, 254.15324999999999, 254.19458299999997,
    254.210459, 254.269042, 254.280167, 254.29887499999998, 254.30462500000002,
    254.30849999999998, 254.32399999999998, 254.34687499999998,
    254.34808399999997, 254.359083, 254.359708, 254.363917, 254.370208,
    254.377833, 254.395875, 254.416458, 254.428542, 254.42912499999997,
    254.44454100000002, 254.48274999999998, 254.50974999999997,
    254.55058400000001, 254.55654100000004, 254.573667, 254.59470899999997,
    254.613625, 254.65204200000002, 254.652084, 254.65729199999998, 254.665417,
    254.672542, 254.68458300000003, 254.688958, 254.68895899999998,
    254.71045900000001, 254.78233300000002, 254.788542, 254.84083299999998,
    254.877083, 254.900792, 254.91283399999998, 254.91770800000003,
    254.95374999999999, 254.955541, 254.98454199999998, 255.007833, 255.02925,
    255.04387499999999, 255.06508300000002, 255.06704200000001, 255.069125,
    255.08750000000003, 255.08858299999997, 255.11970899999997,
    255.13491700000003, 255.14274999999998, 255.15079200000002,
    255.16291600000002, 255.16929100000002, 255.21737500000003,
    255.24099999999999, 255.24158400000002, 255.24308299999998, 255.267291,
    255.28675, 255.39220899999998, 255.40783299999998, 255.445875,
    255.45983300000003, 255.46175, 255.47304100000002, 255.494041, 255.558542,
    255.576209, 255.584916, 255.611875, 255.635916, 255.687667, 255.820542,
    255.84283299999998, 255.85908400000002, 255.903834, 255.91708400000002,
    255.93458400000003, 255.945416, 255.94691699999998, 255.998833, 256.0105,
    256.028417, 256.0625, 256.083958, 256.10062500000004, 256.106833,
    256.108542, 256.126709, 256.14575, 256.256708, 256.341833,
    256.36837499999996, 256.40808300000003, 256.475, 256.476917, 256.482166,
    256.523666, 256.541042, 256.57075000000003, 256.576417, 256.578125,
    256.62183300000004, 256.646584, 256.67508399999997, 256.67833299999995,
