{
  "language": "rust",
  "round": 2,
  "startedAt": "1777545442.448243000Z",
  "finishedAt": "1777545468.661237000Z",
  "endpoint": "/api/portfolio/trades",
  "totalRequests": 1000,
  "warmupRequests": 100,
  "concurrency": 10,
  "durationMs": 26212.860166,
  "throughputRps": 38.149213541262974,
  "successCount": 0,
  "errorCount": 1000,
  "statusCounts": {
    "400": 1000
  },
  "metricsMs": {
    "min": 240.903583,
    "p50": 254.12912500000002,
    "p90": 275.107084,
    "p95": 296.444459,
    "p99": 379.544667,
    "max": 446.71074999999996,
    "avg": 260.84046981599977
  },
  "latenciesMs": [
    240.903583, 241.67070900000002, 241.71241700000002, 241.779292, 242.052625,
    242.087083, 242.394375, 242.661333, 242.954459, 243.042708, 243.228792,
    243.508583, 244.002, 244.109917, 245.006375, 245.117083, 245.160334,
    245.36179099999998, 245.444042, 245.44570800000002, 245.494166, 245.666709,
    245.67320800000002, 245.941458, 246.227542, 246.27116600000002, 246.281958,
    246.305416, 246.35679199999998, 246.510625, 246.58133400000003, 246.58725,
    246.616292, 246.804833, 246.831541, 246.880125, 246.89837500000002,
    246.899541, 246.926625, 246.948166, 246.95504200000002, 246.981625,
    246.982917, 247.00074999999998, 247.068541, 247.084458, 247.16470900000002,
    247.171959, 247.184416, 247.2035, 247.218875, 247.276166, 247.326625,
    247.33408400000002, 247.33575, 247.375875, 247.38, 247.383458, 247.389375,
    247.42470799999998, 247.438875, 247.51137500000002, 247.526792, 247.564583,
    247.564875, 247.57125, 247.673167, 247.68733300000002, 247.728417,
    247.73725, 247.74183399999998, 247.76125, 247.81245800000002, 247.832084,
    247.838708, 247.843167, 247.878083, 247.87975, 247.904875, 247.95075,
    247.988416, 248.01416600000002, 248.020958, 248.029959, 248.031, 248.069709,
    248.07225, 248.074084, 248.077458, 248.143458, 248.15975, 248.1765,
    248.181792, 248.189458, 248.190709, 248.193833, 248.216208, 248.245625,
    248.26524999999998, 248.281375, 248.29425, 248.314583, 248.335333, 248.3495,
    248.386416, 248.391625, 248.398, 248.418875, 248.433, 248.434125,
    248.46379199999998, 248.466666, 248.480792, 248.491875, 248.521167,
    248.530542, 248.549916, 248.5515, 248.564875, 248.574792, 248.585666,
    248.612791, 248.62029099999998, 248.62354200000001, 248.626167, 248.668791,
    248.680542, 248.68575, 248.695959, 248.701875, 248.74179199999998,
    248.747042, 248.75212499999998, 248.766375, 248.767708, 248.77545800000001,
    248.78325, 248.806209, 248.81720800000002, 248.831209, 248.831625,
    248.84825, 248.868875, 248.899125, 248.931041, 248.940791, 248.946167,
    248.951, 248.954791, 248.95658300000002, 248.96425, 248.973583,
    248.99212500000002, 248.994833, 249.033584, 249.047709, 249.062208,
    249.097875, 249.118042, 249.1205, 249.14029200000002, 249.159959,
    249.183875, 249.184708, 249.188875, 249.228917, 249.232333, 249.235208,
    249.24025, 249.25958300000002, 249.271917, 249.279625, 249.28033299999998,
    249.283292, 249.28704199999999, 249.288291, 249.293583, 249.32075,
    249.32774999999998, 249.337209, 249.353083, 249.353375, 249.36645800000002,
    249.37375, 249.415833, 249.417959, 249.421708, 249.429417, 249.437083,
    249.437833, 249.462208, 249.46325, 249.478, 249.483, 249.49712499999998,
    249.501958, 249.52675, 249.53312499999998, 249.5455, 249.550208,
    249.56783299999998, 249.603583, 249.61408400000002, 249.614917, 249.617125,
    249.627292, 249.62879199999998, 249.629042, 249.656792, 249.680916,
    249.71420799999999, 249.737875, 249.742167, 249.77625, 249.78816700000002,
    249.79325, 249.809417, 249.8115, 249.81620800000002, 249.819917, 249.834875,
    249.840916, 249.84283299999998, 249.849708, 249.872333, 249.883792,
    249.909625, 249.916583, 249.918625, 249.92191599999998, 249.931333,
    249.934333, 249.941375, 249.941875, 249.95875, 249.9855, 249.995333,
    249.998167, 250.02266699999998, 250.02804099999997, 250.03474999999997,
    250.06470800000002, 250.07383300000004, 250.083666, 250.086833, 250.092833,
    250.09575, 250.10337500000003, 250.126833, 250.131542, 250.13266699999997,
    250.138709, 250.15016699999998, 250.15525, 250.15787499999996, 250.177,
    250.186625, 250.193334, 250.20725, 250.21266599999998, 250.21587499999998,
    250.23720799999998, 250.23875, 250.254875, 250.27341600000003,
    250.28312499999998, 250.36408300000002, 250.364792, 250.380333, 250.399292,
    250.427833, 250.44233300000002, 250.44250000000002, 250.46275, 250.467125,
    250.46833400000003, 250.484583, 250.487083, 250.49237499999998, 250.501041,
    250.52249999999998, 250.52612499999998, 250.52616700000002,
    250.55300000000003, 250.55675, 250.56050000000002, 250.565125,
    250.58666699999998, 250.59175, 250.60904200000002, 250.61420800000002,
    250.61899999999997, 250.62066700000003, 250.625125, 250.62525000000002,
    250.626917, 250.63704199999998, 250.642667, 250.66454199999998, 250.682584,
    250.69191600000002, 250.693791, 250.694584, 250.696166, 250.699917,
    250.716917, 250.72241699999998, 250.74012499999998, 250.757, 250.791625,
    250.805542, 250.80979100000002, 250.8145, 250.83045900000002, 250.860625,
    250.86441599999998, 250.86795800000002, 250.88074999999998,
    250.90725000000003, 250.907375, 250.911, 250.92216699999997,
    250.92604200000002, 250.94812500000003, 250.95537499999998, 251.000083,
    251.024792, 251.02787500000002, 251.034209, 251.06041699999997,
    251.06216599999996, 251.06699999999998, 251.090125, 251.102708, 251.104208,
    251.107417, 251.16366699999998, 251.167458, 251.193458, 251.19941699999998,
    251.202667, 251.20999999999998, 251.22708300000002, 251.23354199999997,
    251.285916, 251.32295799999997, 251.32320800000002, 251.351375,
    251.36112500000002, 251.37354200000001, 251.375458, 251.38083300000002,
    251.39962500000001, 251.404417, 251.406209, 251.427458, 251.44424999999998,
    251.454459, 251.508334, 251.53033299999998, 251.536125, 251.57654200000002,
    251.58158400000002, 251.60954200000003, 251.61225, 251.62212499999998,
    251.62462499999998, 251.63058300000003, 251.64491700000002, 251.660875,
    251.680625, 251.71016699999998, 251.71925000000002, 251.73033299999997,
    251.73120799999998, 251.74312500000002, 251.776208, 251.78116699999998,
    251.7875, 251.792958, 251.793042, 251.80033400000002, 251.83454100000003,
    251.83899999999997, 251.85658300000003, 251.88937500000003,
    251.89662499999997, 251.914625, 251.928584, 251.933458, 251.93479200000002,
    251.97379199999997, 251.995625, 252.005791, 252.00841699999998,
    252.05662499999997, 252.06904200000002, 252.07333300000002,
    252.13316600000002, 252.14249999999998, 252.178833, 252.20341699999997,
    252.211083, 252.216917, 252.2335, 252.250625, 252.26037499999998,
    252.270834, 252.297834, 252.304792, 252.324583, 252.41037500000002,
    252.43537500000002, 252.453833, 252.46166599999998, 252.473375, 252.495792,
    252.51062499999998, 252.54425000000003, 252.571, 252.589167, 252.5985,
    252.599458, 252.604416, 252.62508299999996, 252.648, 252.649542,
    252.71404200000003, 252.74691700000002, 252.790125, 252.818875,
    252.83791700000003, 252.85104200000004, 252.89929100000003,
    252.95308300000002, 252.966625, 253.012, 253.016625, 253.01754100000002,
    253.02145799999997, 253.04258299999998, 253.08799999999997, 253.097375,
    253.09825000000004, 253.116667, 253.15375, 253.157958, 253.161084,
    253.16370799999999, 253.19387500000002, 253.20895900000002,
    253.23774999999998, 253.244042, 253.249167, 253.27666599999998,
    253.28191700000002, 253.28625, 253.31079200000002, 253.311292, 253.313458,
    253.31379199999998, 253.341667, 253.34258300000002, 253.35575,
    253.36604200000002, 253.398167, 253.47179199999997, 253.47383299999998,
    253.48779199999998, 253.564291, 253.56875000000002, 253.578625, 253.587667,
    253.593083, 253.59395899999998, 253.611708, 253.61241699999997,
