{
  "language": "rust",
  "round": 2,
  "startedAt": "1777547222.017310000Z",
  "finishedAt": "1777547248.624699000Z",
  "endpoint": "/api/portfolio/trades",
  "totalRequests": 1000,
  "warmupRequests": 100,
  "concurrency": 10,
  "durationMs": 26607.219708999997,
  "throughputRps": 37.583784060750475,
  "successCount": 0,
  "errorCount": 1000,
  "statusCounts": {
    "400": 1000
  },
  "metricsMs": {
    "min": 245.400125,
    "p50": 256.96625,
    "p90": 282.810875,
    "p95": 302.310333,
    "p99": 380.802041,
    "max": 432.56025,
    "avg": 264.9544359230002
  },
  "latenciesMs": [
    245.400125, 245.48879200000002, 246.030125, 246.104208, 246.11587500000002,
    246.136292, 246.170041, 246.221959, 246.255417, 246.37783299999998,
    246.619166, 246.659334, 246.67029200000002, 246.73662499999998, 246.820917,
    246.86612499999998, 246.918375, 246.930333, 246.9905, 246.991041, 247.0325,
    247.051, 247.072584, 247.093458, 247.117875, 247.223375, 247.242041,
    247.274792, 247.477583, 247.477875, 247.508, 247.509583, 247.530792,
    247.562958, 247.630084, 247.653208, 247.663042, 247.78066700000002,
    247.883583, 247.88358399999998, 247.892708, 247.999291, 248.02425,
    248.10025, 248.231042, 248.2675, 248.30783300000002, 248.32991700000002,
    248.342083, 248.420208, 248.42249999999999, 248.462208, 248.52033400000002,
    248.532666, 248.539459, 248.65525, 248.669, 248.717459, 248.754875,
    248.77550000000002, 248.782208, 248.891708, 248.94970899999998, 248.990125,
    249.025792, 249.052833, 249.05883300000002, 249.094291, 249.14333399999998,
    249.149292, 249.167792, 249.297458, 249.329292, 249.369667, 249.47575,
    249.514209, 249.536959, 249.592375, 249.59258400000002, 249.595667,
    249.60399999999998, 249.60750000000002, 249.618292, 249.64087500000002,
    249.651708, 249.655417, 249.659083, 249.674584, 249.695166, 249.702667,
    249.73237500000002, 249.735875, 249.755167, 249.810958, 249.81341700000002,
    249.819459, 249.82958299999999, 249.838166, 249.852792, 249.86291599999998,
    249.88275, 249.915458, 249.935625, 249.991125, 250.01333300000002,
    250.02691700000003, 250.03666600000003, 250.04262500000002, 250.095334,
    250.11737499999998, 250.141791, 250.210417, 250.229125, 250.24508400000002,
    250.27670899999998, 250.280542, 250.282416, 250.31133300000002, 250.330416,
    250.35820800000002, 250.376875, 250.387417, 250.391917, 250.43333299999998,
    250.433666, 250.452583, 250.45433299999996, 250.473541, 250.47779199999997,
    250.517333, 250.531708, 250.597167, 250.60275, 250.638833, 250.674666,
    250.691917, 250.794042, 250.80104199999997, 250.819542, 250.84462499999998,
    250.848083, 250.853583, 250.857958, 250.869875, 250.880542,
    250.89316699999998, 250.96337499999998, 250.96562500000002,
    250.97070799999997, 251.002334, 251.004417, 251.026833, 251.073584,
    251.07808300000002, 251.078792, 251.080958, 251.098208, 251.139667,
    251.145083, 251.177792, 251.181333, 251.20283300000003, 251.218, 251.225708,
    251.236584, 251.286958, 251.296208, 251.30470799999998, 251.31362499999997,
    251.32637499999998, 251.366209, 251.404417, 251.41979199999997,
    251.42283300000003, 251.432416, 251.450583, 251.50195800000003,
    251.51491599999997, 251.58920899999998, 251.59970799999996, 251.613125,
    251.61624999999998, 251.69008300000002, 251.71900000000002, 251.727667,
    251.72875, 251.732167, 251.749709, 251.789, 251.827833, 251.82874999999999,
    251.829041, 251.88187499999998, 251.88533400000003, 251.90595900000002,
    251.909208, 251.96766599999998, 252.009417, 252.014042, 252.020917,
    252.02925, 252.040333, 252.05100000000002, 252.09074999999999, 252.103042,
    252.14912499999997, 252.162292, 252.19075, 252.249459, 252.254416,
    252.26749999999998, 252.28374999999997, 252.305667, 252.31037499999996,
    252.32312499999998, 252.331333, 252.35416700000002, 252.35558400000002,
    252.35808300000002, 252.36366700000002, 252.363875, 252.37041599999998,
    252.37387500000003, 252.377625, 252.38275, 252.408708, 252.412209,
    252.439917, 252.472792, 252.473791, 252.4785, 252.485666, 252.495042,
    252.498084, 252.50504099999998, 252.51954199999997, 252.527125, 252.527334,
    252.53991599999998, 252.540542, 252.543917, 252.548958, 252.55016600000002,
    252.56854099999998, 252.58912500000002, 252.639708, 252.642541,
    252.64308400000002, 252.64470900000003, 252.650833, 252.65558399999998,
    252.67624999999998, 252.748625, 252.7525, 252.76508399999997, 252.78025,
    252.805625, 252.809167, 252.81775000000002, 252.839625, 252.8525,
    252.86079099999998, 252.865917, 252.86858299999997, 252.9285,
    252.95237500000002, 252.954458, 252.973958, 253.011209, 253.02891599999998,
    253.05083299999998, 253.058958, 253.09554099999997, 253.142209, 253.150584,
    253.176375, 253.211584, 253.223417, 253.23708299999998, 253.273125,
    253.27533400000002, 253.278167, 253.28395799999998, 253.30075000000002,
    253.30866699999999, 253.319584, 253.34075, 253.357875, 253.359834,
    253.368042, 253.386084, 253.389875, 253.393833, 253.397958,
    253.40241699999999, 253.416625, 253.46675000000002, 253.499042, 253.50075,
    253.52908299999999, 253.55283299999996, 253.560209, 253.601167,
    253.60337500000003, 253.60604199999997, 253.632458, 253.63425, 253.639458,
    253.667166, 253.68337499999998, 253.68966700000001, 253.692875, 253.698333,
    253.717875, 253.718208, 253.73687499999997, 253.75975, 253.76729199999997,
    253.77125, 253.786167, 253.813167, 253.813167, 253.83654100000004,
    253.87208300000003, 253.88091699999998, 253.88966699999997, 253.892041,
    253.90058399999998, 253.928708, 253.938959, 253.94062499999998,
    253.94212500000003, 253.94791700000002, 253.97041599999997,
    253.99737500000003, 254.00166600000003, 254.02470799999998, 254.108375,
    254.121875, 254.127375, 254.12954100000002, 254.131875, 254.133416,
    254.14258299999997, 254.151042, 254.157542, 254.16187499999998,
    254.17379200000002, 254.17433299999996, 254.19174999999998, 254.194625,
    254.197542, 254.20858299999998, 254.21816600000002, 254.22495899999998,
    254.23425, 254.236625, 254.2585, 254.26329199999998, 254.27537500000003,
    254.28275, 254.30362499999998, 254.32766600000002, 254.370292,
    254.37187500000002, 254.38945800000002, 254.42633399999997, 254.437042,
    254.477167, 254.50595799999996, 254.50974999999997, 254.528792,
    254.52904199999998, 254.537583, 254.560792, 254.567875, 254.57254099999997,
    254.58312500000002, 254.583583, 254.58629100000002, 254.598583, 254.599083,
    254.606583, 254.607042, 254.62691700000002, 254.627375, 254.691208,
    254.70749999999998, 254.71004200000002, 254.71333299999998,
    254.72108300000002, 254.72145899999998, 254.72754199999997,
    254.72954199999998, 254.792458, 254.80620799999997, 254.80883300000002,
    254.831625, 254.840583, 254.849167, 254.89733399999997, 254.89774999999997,
    254.899, 254.93295799999999, 254.94029099999997, 254.94170799999998,
    254.95299999999997, 254.977875, 254.97845800000002, 254.99450000000002,
    254.99608400000002, 255.00516699999997, 255.006917, 255.01120799999998,
    255.013375, 255.014958, 255.017875, 255.025875, 255.02945799999998,
    255.03350000000003, 255.04116599999998, 255.06412499999996,
    255.09112499999998, 255.114167, 255.146167, 255.157417, 255.158208,
    255.189583, 255.197625, 255.23258399999997, 255.25791599999997,
    255.31500000000003, 255.33291699999998, 255.34725000000003,
    255.35750000000002, 255.375959, 255.41825, 255.420292, 255.455333,
    255.460583, 255.480583, 255.48279200000002, 255.493292, 255.53312500000004,
    255.559375, 255.57237500000002, 255.57537499999998, 255.60216699999998,
    255.612417, 255.63145799999998, 255.644959, 255.65141699999998, 255.684667,
    255.69350000000003, 255.72400000000002, 255.745, 255.758292,
    255.76641700000002, 255.78775, 255.79983299999998, 255.80124999999998,
