{
  "language": "rust",
  "round": 1,
  "startedAt": "1777549583.592009000Z",
  "finishedAt": "1777549614.934525000Z",
  "endpoint": "/api/portfolio/trades",
  "totalRequests": 1000,
  "warmupRequests": 100,
  "concurrency": 10,
  "durationMs": 31342.128875,
  "throughputRps": 31.905937340384316,
  "successCount": 910,
  "errorCount": 90,
  "statusCounts": {
    "200": 910,
    "502": 90
  },
  "metricsMs": {
    "min": 259.533875,
    "p50": 279.972333,
    "p90": 440.404917,
    "p95": 552.6821669999999,
    "p99": 571.725667,
    "max": 702.550833,
    "avg": 312.2375140550001
  },
  "latenciesMs": [
    259.533875, 259.815042, 259.845084, 260.104625, 260.121667, 260.145208,
    260.238042, 260.24979199999996, 260.339583, 260.390833, 260.488292,
    260.726625, 260.736875, 260.785583, 260.95491599999997, 260.954959,
    261.316041, 261.417833, 261.633833, 261.68575, 261.824167,
    261.88612500000005, 262.128166, 262.153833, 262.22916699999996, 262.25975,
    262.298875, 262.332875, 262.422458, 262.511541, 262.555833,
    262.55841699999996, 262.590375, 262.69375, 262.817, 262.852, 262.887792,
    262.918584, 262.923, 262.99429200000003, 263.09749999999997, 263.1515,
    263.15925, 263.18070900000004, 263.1845, 263.22808399999997, 263.264792,
    263.289958, 263.29379200000005, 263.36737500000004, 263.454583,
    263.46049999999997, 263.468584, 263.484083, 263.518333, 263.589792,
    263.65520799999996, 263.736375, 263.760417, 263.76975000000004,
    263.83837500000004, 263.846292, 263.943042, 263.95725, 263.973, 263.976792,
    264.06325000000004, 264.10033300000003, 264.120125, 264.133375, 264.134459,
    264.15450000000004, 264.164333, 264.183667, 264.227792, 264.253542,
    264.35641599999997, 264.37575000000004, 264.38066599999996,
    264.38212500000003, 264.383042, 264.463375, 264.478666, 264.548917,
    264.565583, 264.577584, 264.597209, 264.663792, 264.664333, 264.671708,
    264.672458, 264.679084, 264.70495900000003, 264.71733400000005, 264.720708,
    264.72774999999996, 264.833875, 264.83770899999996, 264.890333,
    264.89750000000004, 264.93175, 264.974667, 264.979292, 265.0115, 265.108375,
    265.109875, 265.118458, 265.15029200000004, 265.24483399999997, 265.247083,
    265.265333, 265.356459, 265.37475, 265.389208, 265.394833, 265.400958,
    265.403667, 265.40599999999995, 265.437167, 265.487792, 265.496167,
    265.505959, 265.51662500000003, 265.53529199999997, 265.65024999999997,
    265.655542, 265.659, 265.73783299999997, 265.74125, 265.76050000000004,
    265.87341599999996, 265.87875, 265.895083, 265.90175, 265.957333, 266.01025,
    266.032667, 266.09825, 266.115, 266.127, 266.183958, 266.19870899999995,
    266.259167, 266.266416, 266.277583, 266.284042, 266.343958,
    266.36679200000003, 266.38225, 266.410333, 266.44591699999995, 266.478459,
    266.510541, 266.51541699999996, 266.526833, 266.600708, 266.617042,
    266.69575000000003, 266.71320799999995, 266.724875, 266.889875, 266.89725,
    266.954792, 266.965708, 266.98125, 266.984125, 267.09, 267.121542,
    267.198459, 267.246417, 267.269708, 267.284291, 267.28895800000004, 267.291,
    267.315458, 267.366292, 267.382833, 267.396042, 267.40270799999996, 267.415,
    267.425667, 267.433667, 267.469541, 267.47866700000003, 267.492666,
    267.49962500000004, 267.552542, 267.564959, 267.566917, 267.576959,
    267.580166, 267.58549999999997, 267.5895, 267.591375, 267.59862499999997,
    267.615875, 267.62762499999997, 267.631334, 267.631667, 267.638417,
    267.70004200000005, 267.708958, 267.711916, 267.72395900000004, 267.735958,
    267.7545, 267.77241699999996, 267.78175, 267.80054199999995,
    267.80983299999997, 267.835, 267.840625, 267.924958, 267.935792, 267.978416,
    268.031917, 268.033042, 268.062792, 268.084584, 268.133459, 268.166833,
    268.186875, 268.264542, 268.303083, 268.309167, 268.323666, 268.354791,
    268.36187500000005, 268.365625, 268.394458, 268.42112499999996, 268.426459,
    268.440541, 268.486708, 268.583625, 268.594708, 268.613333, 268.672416,
    268.720666, 268.724292, 268.735041, 268.746625, 268.762583, 268.764417,
    268.766459, 268.895041, 268.9515, 268.98729199999997, 268.99537499999997,
    269.04870800000003, 269.056875, 269.148917, 269.19520800000004, 269.198417,
    269.199834, 269.218333, 269.222417, 269.265875, 269.287709, 269.289375,
    269.314166, 269.314917, 269.444625, 269.52925, 269.535125, 269.565167,
    269.568083, 269.591458, 269.629958, 269.64266599999996, 269.662833,
    269.728959, 269.745292, 269.765208, 269.805208, 269.884167, 269.954917,
    269.96524999999997, 269.981541, 269.98287500000004, 270.077917, 270.091375,
    270.14125, 270.180542, 270.24258299999997, 270.267666, 270.32491699999997,
    270.32925, 270.38045900000003, 270.39475000000004, 270.405375, 270.414542,
    270.475792, 270.483375, 270.585875, 270.599166, 270.626375, 270.666792,
    270.685334, 270.741125, 270.96233400000006, 271.025208, 271.09499999999997,
    271.13075, 271.14725, 271.152125, 271.16275, 271.31154200000003, 271.321875,
    271.367791, 271.37633300000005, 271.447167, 271.480625, 271.627, 271.630417,
    271.639208, 271.668, 271.735958, 271.760375, 271.778167, 271.974,
    271.991625, 272.02825, 272.090042, 272.205916, 272.35375, 272.401333,
    272.418542, 272.431042, 272.545833, 272.604833, 272.661, 272.683667,
    272.692542, 272.750791, 272.768833, 272.837708, 272.87433300000004,
    272.891791, 272.970541, 273.103, 273.154792, 273.188042, 273.203666,
    273.235292, 273.25375, 273.432417, 273.569625, 273.672833, 273.70025,
    273.713125, 273.73175, 273.770833, 273.847667, 273.974042, 273.975,
    273.99125000000004, 274.011917, 274.03141600000004, 274.120666, 274.159208,
    274.1725, 274.247792, 274.305125, 274.402625, 274.46191699999997,
    274.563292, 274.569709, 274.57608300000004, 274.66754199999997, 274.670459,
    274.68325, 274.724416, 274.737333, 274.75908300000003, 274.816083,
    274.88225, 274.95975, 274.989417, 274.98983300000003, 275.0185, 275.034792,
    275.057666, 275.06712500000003, 275.1085, 275.131584, 275.216041,
    275.26041699999996, 275.281542, 275.394541, 275.421625, 275.459167,
    275.460375, 275.578084, 275.69712499999997, 275.748, 275.829584, 275.92825,
    275.945583, 276.00358400000005, 276.018667, 276.01925, 276.035417,
    276.051917, 276.123209, 276.203375, 276.25004199999995, 276.25833300000005,
    276.2985, 276.327875, 276.355916, 276.422625, 276.43591699999996,
    276.440375, 276.445584, 276.5435, 276.583791, 276.61341699999997,
    276.69462500000003, 276.740208, 276.76824999999997, 276.76829200000003,
    276.786666, 276.888417, 276.902125, 276.904, 276.906084, 276.994584,
    277.07225, 277.073917, 277.103, 277.120542, 277.180083, 277.217333,
    277.25525, 277.313208, 277.35725, 277.406834, 277.54870900000003,
    277.605125, 277.67512500000004, 277.723208, 277.795625, 277.795709,
    277.84425, 277.853917, 277.95225, 278.043, 278.066375, 278.07466600000004,
    278.08804100000003, 278.127125, 278.27637500000003, 278.280708, 278.325834,
    278.326084, 278.34333300000003, 278.349542, 278.37174999999996, 278.390333,
    278.397209, 278.44204099999996, 278.460791, 278.484417, 278.54562500000003,
    278.583125, 278.583667, 278.69025, 278.724875, 278.77633299999997,
    278.80304099999995, 278.833917, 278.930834, 278.977666, 278.982791,
    279.02683299999995, 279.085458, 279.111708, 279.12737500000003, 279.144541,
    279.337125, 279.34075, 279.381333, 279.41191599999996, 279.43179200000003,
    279.48, 279.519792, 279.5425, 279.565542, 279.577583, 279.621708,
    279.653042, 279.674, 279.686667, 279.690458, 279.70795799999996,
    279.77837500000004, 279.798125, 279.967084, 279.972333, 279.978333, 279.982,
    280.01825, 280.044416, 280.057958, 280.10004100000003, 280.106292,
    280.202167, 280.221417, 280.22808399999997, 280.246416, 280.282333,
    280.344833, 280.378583, 280.387375, 280.40308400000004, 280.434084,
