{
  "language": "rust",
  "round": 4,
  "startedAt": "1777547422.299543000Z",
  "finishedAt": "1777547448.933100000Z",
  "endpoint": "/api/portfolio/trades",
  "totalRequests": 1000,
  "warmupRequests": 100,
  "concurrency": 10,
  "durationMs": 26633.395792000003,
  "throughputRps": 37.546845614796695,
  "successCount": 0,
  "errorCount": 1000,
  "statusCounts": {
    "400": 1000
  },
  "metricsMs": {
    "min": 245.005541,
    "p50": 259.96875,
    "p90": 277.916292,
    "p95": 306.98924999999997,
    "p99": 402.05954199999996,
    "max": 430.76,
    "avg": 265.09963444699974
  },
  "latenciesMs": [
    245.005541, 245.51933400000001, 245.55083299999998, 245.883666, 245.926709,
    246.015916, 246.043375, 246.338458, 246.354875, 246.425958,
    246.56645799999998, 246.58137499999998, 246.6645, 246.671792,
    246.69633299999998, 246.730375, 246.79379200000002, 246.837042,
    246.98279100000002, 247.05791699999997, 247.118208, 247.162,
    247.16912499999998, 247.202542, 247.287417, 247.293084, 247.295958,
    247.467625, 247.535417, 247.612, 247.6165, 247.619375, 247.843208,
    247.848208, 247.883667, 247.897875, 247.920917, 247.993958, 248.099542,
    248.14249999999998, 248.164209, 248.16475, 248.19108400000002,
    248.19912499999998, 248.208208, 248.214417, 248.21870800000002, 248.239833,
    248.288875, 248.321083, 248.42841700000002, 248.439875, 248.513959,
    248.5215, 248.5275, 248.598292, 248.613459, 248.6495, 248.730959, 248.76825,
    248.798833, 248.837625, 248.871584, 248.922042, 248.925792, 248.959,
    248.969041, 248.997833, 249.010625, 249.087375, 249.106833,
    249.14987499999998, 249.19970899999998, 249.200375, 249.212833, 249.217208,
    249.262958, 249.2865, 249.297917, 249.31625, 249.33333299999998, 249.337291,
    249.344125, 249.37633300000002, 249.381291, 249.420792, 249.423917,
    249.445459, 249.45600000000002, 249.48287499999998, 249.526084, 249.592917,
    249.6025, 249.641791, 249.64704200000003, 249.64708299999998, 249.652125,
    249.675875, 249.676333, 249.68770800000001, 249.718834, 249.736416,
    249.7375, 249.757416, 249.79916599999999, 249.822292, 249.826917,
    249.836708, 249.840042, 249.87954100000002, 249.89516700000001, 249.922666,
    249.935708, 250.025375, 250.076625, 250.111458, 250.12708299999997,
    250.188834, 250.191083, 250.20395899999997, 250.23270800000003, 250.23525,
    250.243167, 250.246333, 250.26241599999997, 250.267334, 250.26870899999997,
    250.270292, 250.30779199999998, 250.322125, 250.347417, 250.40224999999998,
    250.405667, 250.42912499999997, 250.434625, 250.448292, 250.485625,
    250.489334, 250.521791, 250.549625, 250.58787500000003, 250.59608300000002,
    250.60958399999998, 250.629167, 250.629208, 250.65904100000003,
    250.66179100000002, 250.683958, 250.68574999999998, 250.70787500000003,
    250.709833, 250.717, 250.72812500000003, 250.735333, 250.75308299999998,
    250.789416, 250.794375, 250.796458, 250.81350000000003, 250.86550000000003,
    250.872167, 250.874792, 250.89066599999998, 250.896083, 250.90612499999997,
    250.91025, 250.919583, 250.946083, 250.94929199999999, 250.96029199999998,
    250.997958, 251.048041, 251.07000000000002, 251.080708, 251.113959,
    251.131791, 251.137459, 251.13887499999998, 251.165584, 251.17362500000002,
    251.17779099999998, 251.19575, 251.204208, 251.207375, 251.219292,
    251.227208, 251.227458, 251.253791, 251.261833, 251.28058399999998,
    251.299584, 251.30216700000003, 251.34679100000002, 251.3535,
    251.36495800000003, 251.382, 251.408833, 251.415208, 251.436375, 251.445375,
    251.458583, 251.467125, 251.48083300000002, 251.48533299999997, 251.491958,
    251.51983300000003, 251.522791, 251.52454200000003, 251.53733299999996,
    251.558417, 251.565875, 251.573292, 251.57429199999999, 251.575667,
    251.58708299999998, 251.62687500000004, 251.63029199999997,
    251.65149999999997, 251.65324999999999, 251.65695799999997,
    251.69212499999998, 251.69875000000002, 251.715083, 251.72587499999997,
    251.734709, 251.73670799999996, 251.740625, 251.752459, 251.75879099999997,
    251.775833, 251.784833, 251.786792, 251.792792, 251.798666, 251.818667,
    251.83833300000003, 251.84916600000003, 251.84962500000003, 251.856166,
    251.863167, 251.88783399999997, 251.900167, 251.91799999999998,
    251.91799999999998, 251.91975, 251.92287499999998, 251.93295799999999,
    251.93675, 251.94304099999997, 251.95933300000002, 251.9705,
    251.99095799999998, 252.04066600000002, 252.042708, 252.07229199999998,
    252.076083, 252.08874999999998, 252.09324999999998, 252.099917,
    252.10254199999997, 252.10641700000002, 252.132583, 252.166875,
    252.17595799999998, 252.192541, 252.201958, 252.228958, 252.25154100000003,
    252.258333, 252.302292, 252.310292, 252.31545900000003, 252.322125,
    252.33279199999998, 252.34762500000002, 252.348708, 252.392416, 252.407916,
    252.41316600000002, 252.413291, 252.41504199999997, 252.42495799999998,
    252.42700000000002, 252.42754200000002, 252.438583, 252.476833, 252.480125,
    252.493125, 252.496458, 252.49675, 252.50162500000002, 252.50708300000002,
    252.53900000000002, 252.541334, 252.55158300000002, 252.555625, 252.567875,
    252.58312500000002, 252.59799999999998, 252.63695800000002, 252.640625,
    252.64712499999996, 252.647666, 252.672167, 252.719209, 252.71987499999997,
    252.728083, 252.74291599999998, 252.79095800000002, 252.79412499999998,
    252.808125, 252.83299999999997, 252.84475, 252.863083, 252.883166,
    252.89208299999999, 252.901459, 252.909875, 252.91591699999998, 252.925291,
    252.939375, 252.943166, 252.972084, 252.97404099999997, 252.974542,
    252.98479099999997, 253.01024999999998, 253.02075000000002, 253.024042,
    253.06195799999998, 253.0725, 253.07712500000002, 253.077875,
    253.08966700000002, 253.11391700000001, 253.14187500000003, 253.15525,
    253.161541, 253.173667, 253.18137499999997, 253.185917, 253.196125,
    253.19895799999998, 253.223792, 253.250334, 253.290584, 253.297333,
    253.304458, 253.30837499999998, 253.30883300000002, 253.359791, 253.38125,
    253.387916, 253.392583, 253.394791, 253.429625, 253.450417, 253.4575,
    253.471209, 253.47775000000001, 253.54112499999997, 253.55279200000004,
    253.5755, 253.58275000000003, 253.586333, 253.58854199999996,
    253.61241699999997, 253.65737500000003, 253.667959, 253.68466699999996,
    253.69825, 253.713334, 253.71712499999998, 253.765542, 253.80929200000003,
    253.809875, 253.81633300000001, 253.824834, 253.83687500000002,
    253.87716700000001, 253.92816699999997, 253.939042, 253.971625,
    253.97791600000002, 253.98445800000002, 253.98608299999998, 253.987417,
    254.02075000000002, 254.06808400000003, 254.073334, 254.083875, 254.090667,
    254.12104200000002, 254.12137499999997, 254.18312500000002, 254.281333,
    254.287125, 254.32925, 254.3395, 254.34487500000003, 254.41183299999997,
    254.43654199999997, 254.47387500000002, 254.50879199999997,
    254.52854200000002, 254.53074999999998, 254.54316599999999, 254.546792,
    254.55183300000002, 254.56099999999998, 254.563792, 254.598667,
    254.70704100000003, 254.713625, 254.74487499999998, 254.75408399999998,
    254.76879200000002, 254.80254200000002, 254.80479099999997,
    254.86437499999997, 254.86524999999997, 254.961291, 255.00462499999998,
    255.01379200000002, 255.054542, 255.06045799999998, 255.06954100000002,
    255.087458, 255.138667, 255.27166699999998, 255.32020900000003,
    255.33754199999998, 255.39641699999999, 255.400417, 255.57520900000003,
    255.597542, 255.617625, 255.624083, 255.675875, 255.683708, 255.716416,
    255.72787499999998, 255.954917, 255.980583, 256.047458, 256.04775,
    256.076167, 256.102708, 256.1215, 256.13691700000004, 256.19179199999996,
    256.43441700000005, 256.440667, 256.467917, 256.49, 256.594667, 256.731667,
    256.763833, 256.887916, 256.906125, 256.985709, 256.998792, 257.015875,
