{
  "language": "rust",
  "round": 2,
  "startedAt": "1777549694.816666000Z",
  "finishedAt": "1777549721.699502000Z",
  "endpoint": "/api/portfolio/trades",
  "totalRequests": 1000,
  "warmupRequests": 100,
  "concurrency": 10,
  "durationMs": 26882.914167,
  "throughputRps": 37.19834813249322,
  "successCount": 1000,
  "errorCount": 0,
  "statusCounts": {
    "200": 1000
  },
  "metricsMs": {
    "min": 245.142875,
    "p50": 262.354292,
    "p90": 279.828916,
    "p95": 294.930458,
    "p99": 399.564792,
    "max": 478.936167,
    "avg": 267.6157090869998
  },
  "latenciesMs": [
    245.142875, 245.52212500000002, 246.2345, 246.249708, 246.898959,
    247.01654100000002, 247.16012500000002, 247.161042, 247.239208,
    247.49170900000001, 247.859625, 247.925333, 247.945208, 247.996292,
    247.999125, 248.018834, 248.17108299999998, 248.569291, 248.605542,
    248.726167, 248.886, 248.938167, 248.974083, 249.094792, 249.12870900000001,
    249.205333, 249.212625, 249.21450000000002, 249.282833, 249.30333399999998,
    249.303459, 249.341875, 249.34270899999999, 249.446166, 249.54100000000003,
    249.55154199999998, 249.582834, 249.624458, 249.624708, 249.703166,
    249.72583400000002, 249.797417, 249.80612499999998, 249.809958, 249.819084,
    249.91250000000002, 250.05979099999996, 250.063, 250.101042, 250.1695,
    250.169792, 250.215167, 250.237166, 250.288917, 250.34275,
    250.35950000000003, 250.384875, 250.387125, 250.41649999999998, 250.434,
    250.4725, 250.48904199999998, 250.50699999999998, 250.51454099999998,
    250.56879199999997, 250.579334, 250.6335, 250.64770800000002, 250.66,
    250.695208, 250.700834, 250.707417, 250.71579100000002, 250.782042,
    250.80779199999998, 250.918333, 250.943417, 250.954375, 250.96770899999999,
    250.97429100000002, 250.980875, 250.991666, 251.019458, 251.025083,
    251.02604099999996, 251.05058400000001, 251.05116700000002, 251.09175,
    251.111584, 251.12466700000002, 251.152667, 251.26029100000002, 251.267042,
    251.30754100000001, 251.35258399999998, 251.509875, 251.53570800000003,
    251.5875, 251.61808299999998, 251.64058299999996, 251.64320800000002,
    251.70279200000002, 251.832333, 251.88137500000002, 251.88954200000003,
    251.90400000000002, 251.905125, 251.943708, 251.964709, 251.98591599999997,
    251.99283300000002, 252.051958, 252.103459, 252.10700000000003, 252.112,
    252.196959, 252.21804199999997, 252.26608299999998, 252.26929199999998,
    252.275583, 252.28645799999998, 252.31112500000003, 252.332542, 252.3665,
    252.38912499999998, 252.402584, 252.40541700000003, 252.410209,
    252.41687499999998, 252.461417, 252.472291, 252.497625, 252.556542,
    252.57895800000003, 252.588125, 252.629208, 252.633583, 252.63470900000002,
    252.64683300000002, 252.73845900000003, 252.75350000000003, 252.785125,
    252.7875, 252.789708, 252.803208, 252.803666, 252.83424999999997,
    252.856917, 252.85975, 252.87737500000003, 252.88549999999998,
    252.90929099999997, 253.020417, 253.0215, 253.03512500000002,
    253.07362500000002, 253.09720800000002, 253.12574999999998,
    253.12908299999998, 253.164, 253.18645800000002, 253.208541,
    253.27329199999997, 253.33125, 253.408375, 253.444458, 253.45470799999998,
    253.4615, 253.501667, 253.519667, 253.540875, 253.62812499999998,
    253.75629100000003, 253.75829199999998, 253.78374999999997,
    253.81912499999999, 253.85808300000002, 253.859708, 253.862708, 253.881792,
    253.891459, 253.903292, 253.908375, 253.91779199999996, 253.944458,
    253.94725000000003, 253.97225, 254.041167, 254.054583, 254.05712499999998,
    254.071542, 254.079958, 254.10004200000003, 254.119791, 254.156708,
    254.18358400000002, 254.23062499999997, 254.25308400000003,
    254.26975000000002, 254.28224999999998, 254.286417, 254.38462499999997,
    254.387291, 254.393166, 254.44891600000003, 254.48512499999998,
    254.50591700000004, 254.526459, 254.53300000000002, 254.551958, 254.591167,
    254.62287500000002, 254.66824999999997, 254.68345799999997,
    254.74454200000002, 254.77679199999997, 254.799958, 254.803083,
    254.81537500000002, 254.82137500000002, 254.83766699999998,
    254.84137499999997, 254.84687499999998, 254.88016600000003,
    254.94787499999998, 254.96908299999998, 254.991458, 255.024458, 255.053959,
    255.087375, 255.103167, 255.10375000000002, 255.10970799999998,
    255.16304200000002, 255.188958, 255.2045, 255.24037500000003, 255.249709,
    255.27516700000004, 255.314792, 255.315917, 255.345333, 255.403542,
    255.41829199999998, 255.421833, 255.425375, 255.43179100000003,
    255.44829099999998, 255.449084, 255.47704199999998, 255.533417,
    255.56495800000002, 255.56745800000002, 255.609541, 255.60991700000002,
    255.615041, 255.62183399999998, 255.62779200000003, 255.663833, 255.685542,
    255.71712499999998, 255.735125, 255.78812499999998, 255.79362500000002,
    255.90941699999996, 255.916417, 255.92, 255.96970800000003, 255.976708,
    255.98587499999996, 255.99791700000003, 256.013208, 256.03983400000004,
    256.045625, 256.054375, 256.06183300000004, 256.16241699999995, 256.164125,
    256.180625, 256.231583, 256.256667, 256.258958, 256.279084, 256.363,
    256.366875, 256.381042, 256.40145800000005, 256.403584, 256.422458,
    256.428041, 256.474708, 256.49787499999996, 256.505083, 256.508042,
    256.535208, 256.598666, 256.62375, 256.66099999999994, 256.7175, 256.73075,
    256.74125, 256.751542, 256.764875, 256.77137500000003, 256.792708,
    256.809167, 256.85575, 256.857042, 256.87012500000003, 256.873875,
    256.92775, 256.962292, 256.99508399999996, 257.004167, 257.007708,
    257.013916, 257.019541, 257.062833, 257.064709, 257.135209, 257.147625,
    257.17470799999995, 257.203291, 257.235625, 257.33025, 257.33808400000004,
    257.347333, 257.378375, 257.413375, 257.450542, 257.467833, 257.48225,
    257.501584, 257.583959, 257.610583, 257.625042, 257.628541, 257.658417,
    257.716209, 257.728167, 257.734541, 257.740209, 257.816375, 257.845167,
    257.91512500000005, 257.931042, 258.010583, 258.012708, 258.063708,
    258.068291, 258.168667, 258.17929200000003, 258.19375, 258.216791,
    258.23525, 258.24125, 258.244709, 258.26208299999996, 258.277, 258.299459,
    258.368542, 258.398416, 258.399208, 258.412792, 258.47783400000003,
    258.503041, 258.51475, 258.538125, 258.621041, 258.62858300000005, 258.6565,
    258.66141700000003, 258.705083, 258.76566699999995, 258.772, 258.838583,
    258.863791, 258.891208, 258.90024999999997, 258.920291, 258.93091699999997,
    258.934334, 258.95579200000003, 258.98395800000003, 259.00129100000004,
    259.066666, 259.089334, 259.116042, 259.11787499999997, 259.152875,
    259.29645899999997, 259.297709, 259.33225, 259.403917, 259.4065, 259.416541,
    259.43508399999996, 259.471875, 259.496959, 259.51975, 259.532084,
    259.593334, 259.708916, 259.72299999999996, 259.7285, 259.752625,
    259.753167, 259.780916, 259.83716699999997, 259.872083, 259.95025,
    260.00816599999996, 260.017041, 260.034625, 260.046042, 260.07875,
    260.08862500000004, 260.12070900000003, 260.144042, 260.1535, 260.204667,
    260.251666, 260.265458, 260.32887500000004, 260.36075, 260.409292,
    260.422417, 260.425291, 260.479208, 260.483042, 260.483583, 260.521542,
    260.533542, 260.545666, 260.57012499999996, 260.602958, 260.615709,
    260.634125, 260.635833, 260.670542, 260.699458, 260.723208, 260.728709,
    260.751458, 260.836041, 260.89374999999995, 260.963792, 260.97525,
    261.00741700000003, 261.02225, 261.022333, 261.065333, 261.113833, 261.127,
    261.149792, 261.181375, 261.19512499999996, 261.241291, 261.248709,
    261.25312499999995, 261.324709, 261.325292, 261.349667, 261.359958,
    261.433583, 261.43516700000004, 261.452, 261.474625, 261.53175,
    261.54529199999996, 261.550209, 261.55925, 261.580083, 261.580125,
    261.610666, 261.613333, 261.63154199999997, 261.641167, 261.67400000000004,
