{
  "language": "rust",
  "round": 5,
  "startedAt": "1777547539.841852000Z",
  "finishedAt": "1777547570.864856000Z",
  "endpoint": "/api/portfolio/trades",
  "totalRequests": 1000,
  "warmupRequests": 100,
  "concurrency": 10,
  "durationMs": 31022.818625,
  "throughputRps": 32.234337314345176,
  "successCount": 0,
  "errorCount": 1000,
  "statusCounts": {
    "400": 1000
  },
  "metricsMs": {
    "min": 246.639292,
    "p50": 265.820834,
    "p90": 419.312042,
    "p95": 520.1845830000001,
    "p99": 873.324542,
    "max": 2006.3173339999998,
    "avg": 308.37490405900024
  },
  "latenciesMs": [
    246.639292, 246.743334, 247.6345, 247.790209, 247.908666, 247.999375,
    248.01008299999998, 248.383125, 248.45179100000001, 248.53425000000001,
    248.616792, 248.706042, 248.781459, 248.799542, 248.90675000000002,
    249.0125, 249.11700000000002, 249.308167, 249.3125, 249.37162500000002,
    249.37216700000002, 249.39708299999998, 249.40216600000002, 249.459666,
    249.478541, 249.52837499999998, 249.545, 249.65591700000002,
    249.65591700000002, 249.776625, 249.79291700000002, 249.823042, 249.856084,
    249.910292, 249.951125, 250.04129200000003, 250.048125, 250.06175000000002,
    250.07600000000002, 250.09108400000002, 250.14091700000003,
    250.16074999999998, 250.18958400000002, 250.200542, 250.268,
    250.30200000000002, 250.349875, 250.35345799999996, 250.35724999999996,
    250.36566599999998, 250.383166, 250.39295900000002, 250.40125000000003,
    250.40670799999998, 250.44912499999998, 250.467583, 250.482875, 250.527125,
    250.53695799999997, 250.582292, 250.586792, 250.602875, 250.643917,
    250.653375, 250.73899999999998, 250.75104199999998, 250.75458299999997,
    250.76199999999997, 250.79062499999998, 250.83412500000003,
    250.83520799999997, 250.88033399999998, 250.89570799999998, 250.903834,
    250.91108400000002, 250.96891599999998, 251.00529100000003, 251.020625,
    251.029375, 251.042916, 251.06012500000003, 251.0695, 251.080333,
    251.17941599999997, 251.197167, 251.20325, 251.21670899999998,
    251.23600000000002, 251.253791, 251.267125, 251.27300000000002,
    251.27766699999998, 251.29283400000003, 251.30154199999998, 251.306083,
    251.31087499999998, 251.311083, 251.314292, 251.31595899999996,
    251.32187499999998, 251.334375, 251.37599999999998, 251.431416,
    251.44304099999997, 251.46304200000003, 251.473583, 251.493833, 251.518291,
    251.594459, 251.618666, 251.619333, 251.63183300000003, 251.64783400000002,
    251.721417, 251.74691700000002, 251.776125, 251.786083, 251.826542,
    251.836375, 251.85750000000002, 251.872666, 251.877833, 251.89508300000003,
    251.935291, 251.93875, 251.94650000000001, 251.98166700000002, 252.059916,
    252.06845900000002, 252.07762500000004, 252.08658400000002,
    252.09549999999996, 252.114167, 252.14879200000001, 252.168208, 252.222958,
    252.24870900000002, 252.262292, 252.26316599999998, 252.299375,
    252.30620799999997, 252.34637500000002, 252.353667, 252.41087499999998,
    252.416125, 252.421, 252.45916699999998, 252.520875, 252.52975,
    252.54100000000003, 252.55095799999998, 252.5635, 252.60129199999997,
    252.60262500000002, 252.61375000000004, 252.637083, 252.63762499999999,
    252.644667, 252.71095799999998, 252.727166, 252.73154199999996,
    252.75220799999997, 252.768041, 252.79670799999997, 252.81133300000002,
    252.81720800000002, 252.8265, 252.85858300000004, 252.86579199999997,
    252.87641700000003, 252.879833, 252.93862499999997, 252.95504200000002,
    252.95920900000002, 252.96879100000004, 252.97912500000004, 253.022458,
    253.05020900000002, 253.06275, 253.086333, 253.15141699999998, 253.159833,
    253.181292, 253.19174999999998, 253.194042, 253.19745799999998, 253.209083,
    253.209458, 253.225791, 253.228416, 253.29649999999998, 253.34733300000002,
    253.36445899999998, 253.38224999999997, 253.42708400000004, 253.445209,
    253.456625, 253.460291, 253.46695800000003, 253.48416699999999, 253.497166,
    253.510375, 253.51466700000003, 253.54375000000002, 253.548875, 253.552208,
    253.607291, 253.635709, 253.66329100000002, 253.67137499999998,
    253.68804099999997, 253.69066600000002, 253.70804200000003,
    253.79345800000002, 253.79679199999998, 253.80700000000002, 253.807125,
    253.817333, 253.82216699999998, 253.83974999999998, 253.83983300000003,
    253.84233299999997, 253.84654099999997, 253.85320900000002,
    253.94650000000001, 254.03433399999997, 254.056917, 254.079292, 254.105833,
    254.13324999999998, 254.159334, 254.170125, 254.184042, 254.198959,
    254.202625, 254.20874999999998, 254.217542, 254.227584, 254.25108400000002,
    254.25674999999998, 254.31062500000002, 254.347125, 254.35508299999998,
    254.37387500000003, 254.378, 254.39491600000002, 254.41429100000002,
    254.43474999999998, 254.50099999999998, 254.50825, 254.533833,
    254.60587499999997, 254.61158299999997, 254.666792, 254.67233299999998,
    254.70716599999997, 254.763542, 254.789583, 254.85579200000004,
    254.87658299999998, 254.87837499999998, 254.90437500000002, 254.923583,
    254.926084, 254.976625, 255.08016700000002, 255.083208, 255.099458,
    255.13616700000003, 255.16579099999998, 255.18416700000003, 255.202708,
    255.424292, 255.457292, 255.46166599999998, 255.480041, 255.506709,
    255.52483399999997, 255.552666, 255.583167, 255.596084, 255.605209,
    255.620333, 255.63533300000003, 255.650334, 255.773334, 255.802083,
    255.82733299999998, 255.944125, 255.94899999999998, 255.98674999999997,
    256.01691700000003, 256.14583400000004, 256.149917, 256.154208, 256.182791,
    256.32358300000004, 256.32675, 256.351, 256.371541, 256.445875, 256.536,
    256.542583, 256.55170799999996, 256.604292, 256.688667, 256.754166,
    256.758792, 256.76149999999996, 256.801958, 256.809709, 256.881958,
    256.943583, 256.94820899999996, 257.03695799999997, 257.05925, 257.244958,
    257.296583, 257.337333, 257.351583, 257.434667, 257.532834, 257.536875,
    257.615, 257.624209, 257.635625, 257.65979100000004, 257.702083,
    257.77329199999997, 257.808917, 257.851292, 257.894542, 257.951917,
    258.029708, 258.050208, 258.16245799999996, 258.274291, 258.30825000000004,
    258.380167, 258.39933399999995, 258.438917, 258.43937500000004, 258.456334,
    258.485417, 258.638916, 258.690708, 258.700542, 258.76716700000003,
    258.792875, 258.842667, 258.906292, 258.952583, 259.007167,
    259.01295899999997, 259.017416, 259.11454200000003, 259.208833, 259.266667,
    259.287167, 259.36254199999996, 259.412958, 259.42537500000003, 259.46175,
    259.471583, 259.579333, 259.72029200000003, 259.756209, 259.826625,
    259.872625, 259.90141700000004, 259.929333, 259.962292, 259.977125,
    259.98729199999997, 260.040791, 260.13345799999996, 260.145416,
    260.30350000000004, 260.32554200000004, 260.447416, 260.524084, 260.62775,
    260.67945799999995, 260.718083, 260.792333, 260.792958, 260.917833,
    260.960208, 261.236917, 261.250459, 261.322167, 261.508833,
    261.52891700000004, 261.714292, 261.847334, 261.876917, 262.046917,
    262.07829100000004, 262.20920800000005, 262.25241700000004, 262.253291,
    262.25458299999997, 262.35999999999996, 262.38954199999995, 262.407708,
    262.5575, 262.613791, 262.617125, 262.65408299999996, 262.658417,
    262.67741700000005, 262.677708, 262.677917, 262.706, 262.719084, 262.745709,
    262.782709, 262.859084, 262.872625, 262.87899999999996, 262.91441599999996,
    262.933291, 262.97150000000005, 263.12275, 263.16558299999997, 263.182542,
    263.19387500000005, 263.21666700000003, 263.228167, 263.320458, 263.385584,
    263.406708, 263.41175, 263.42333299999996, 263.427, 263.49325,
    263.51487499999996, 263.522791, 263.54708300000004, 263.56225,
    263.57945900000004, 263.674375, 263.67479199999997, 263.709917, 263.751667,
    263.76608400000003, 263.821, 263.835917, 263.841958, 263.868125, 263.873209,
