{
  "summary": {
    "node": {
      "rounds": 5,
      "totalRequests": 5000,
      "errorRatePct": 100,
      "throughputRps": 28.91893612097759,
      "metricsMs": {
        "min": 241.44870799999626,
        "p50": 256.62774999999965,
        "p90": 326.38795799999934,
        "p95": 417.63274999999703,
        "p99": 979.249708000003,
        "max": 10005.688624999999,
        "avg": 330.4237927853998
      }
    },
    "go": {
      "rounds": 5,
      "totalRequests": 5000,
      "errorRatePct": 100,
      "throughputRps": 37.88286401755789,
      "metricsMs": {
        "min": 239.224,
        "p50": 251.415,
        "p90": 275.725,
        "p95": 317.455,
        "p99": 427.513,
        "max": 1070.891,
        "avg": 262.56294639999913
      }
    },
    "rust": {
      "rounds": 5,
      "totalRequests": 5000,
      "errorRatePct": 100,
      "throughputRps": 37.74081656725337,
      "metricsMs": {
        "min": 240.903583,
        "p50": 254.29895800000003,
        "p90": 277.37183300000004,
        "p95": 310.919959,
        "p99": 411.835291,
        "max": 849.2707499999999,
        "avg": 263.63597820600006
      }
    }
  },
  "fastestByP95": "rust"
}
