{
  "summary": {
    "node": {
      "rounds": 5,
      "totalRequests": 5000,
      "errorRatePct": 100,
      "throughputRps": 29.34077252776758,
      "metricsMs": {
        "min": 244.95795799999905,
        "p50": 260.2717080000002,
        "p90": 335.9825000000001,
        "p95": 431.83279200000106,
        "p99": 857.1633330000004,
        "max": 8057.021000000001,
        "avg": 329.8399123088004
      }
    },
    "go": {
      "rounds": 5,
      "totalRequests": 5000,
      "errorRatePct": 100,
      "throughputRps": 38.01075459565798,
      "metricsMs": {
        "min": 244.43,
        "p50": 255.531,
        "p90": 271.677,
        "p95": 286.859,
        "p99": 401.218,
        "max": 574.879,
        "avg": 262.0548679999997
      }
    },
    "rust": {
      "rounds": 5,
      "totalRequests": 5000,
      "errorRatePct": 100,
      "throughputRps": 33.04045177361051,
      "metricsMs": {
        "min": 244.52458399999998,
        "p50": 263.56225,
        "p90": 366.277959,
        "p95": 460.335834,
        "p99": 1072.397917,
        "max": 3082.833209,
        "avg": 300.88739991379913
      }
    }
  },
  "fastestByP95": "go"
}
