{
  "summary": {
    "node": {
      "rounds": 5,
      "totalRequests": 5000,
      "errorRatePct": 0.36,
      "throughputRps": 30.37043606712176,
      "metricsMs": {
        "min": 245.6419160000005,
        "p50": 272.2239580000023,
        "p90": 323.20158300000185,
        "p95": 400.89758299999994,
        "p99": 646.8959589999995,
        "max": 8392.838333,
        "avg": 315.60899952440013
      }
    },
    "go": {
      "rounds": 5,
      "totalRequests": 5000,
      "errorRatePct": 0,
      "throughputRps": 36.381832836552746,
      "metricsMs": {
        "min": 243.829,
        "p50": 268.22,
        "p90": 293.026,
        "p95": 309.738,
        "p99": 409.656,
        "max": 621.882,
        "avg": 273.7105579999998
      }
    },
    "rust": {
      "rounds": 5,
      "totalRequests": 5000,
      "errorRatePct": 1.7999999999999998,
      "throughputRps": 35.55932318956233,
      "metricsMs": {
        "min": 244.082583,
        "p50": 267.133708,
        "p90": 302.946541,
        "p95": 363.019958,
        "p99": 553.2526250000001,
        "max": 702.550833,
        "avg": 279.959845343
      }
    }
  },
  "fastestByP95": "go"
}
